rank,composite_score,feature_count,features,hyperparams
1,0.7962246650610737,10,"knn_04_avg_react_time, knn_04_num_mcq_options, knn_14_num_blanks, knn_15_accuracy_rate, qv_180, qv_208, qv_414, qv_415, qv_417, total_correct_attempts","{""layer_width"": 1, ""reduction_percent"": 0.99, ""stop_condition"": 5, ""dropout_rate"": 0.3, ""focal_gamma"": 1.0, ""focal_alpha"": 0.25, ""epochs"": 50, ""batch_size"": 256}"
2,0.7950209835315403,10,"accuracy_rate, knn_06_num_blanks, knn_13_num_blanks, knn_22_avg_react_time, qv_130, qv_180, qv_408, qv_498, qv_530, qv_77","{""layer_width"": 1, ""reduction_percent"": 0.95, ""stop_condition"": 10, ""dropout_rate"": 0.3, ""focal_gamma"": 1.0, ""focal_alpha"": 0.25, ""epochs"": 30, ""batch_size"": 128}"
3,0.7935788047270306,10,"accuracy_rate, knn_04_total_incorrect_attempts, knn_08_num_sata_options, knn_18_question_type_select_all_that_apply, qv_121, qv_473, qv_536, qv_610, qv_83, user_stats_global_mcq_accuracy","{""layer_width"": 1, ""reduction_percent"": 0.99, ""stop_condition"": 5, ""dropout_rate"": 0.3, ""focal_gamma"": 1.0, ""focal_alpha"": 0.25, ""epochs"": 50, ""batch_size"": 256}"
4,0.7924439273484111,10,"knn_07_days_since_last_revision, knn_10_attempt_day_ratio, knn_18_question_type_missing, knn_22_total_incorrect_attempts, knn_24_days_since_last_revision, knn_25_question_type_sort_order, qv_158, qv_32, qv_421, revision_streak","{""layer_width"": 2, ""reduction_percent"": 0.9, ""stop_condition"": 5, ""dropout_rate"": 0.1, ""focal_gamma"": 1.0, ""focal_alpha"": 0.25, ""epochs"": 60, ""batch_size"": 64}"
5,0.7923944162464881,10,"accuracy_rate, knn_12_days_since_last_revision, knn_17_question_type_multiple_choice, knn_17_was_first_attempt, qv_0, qv_13, qv_134, qv_137, qv_208, qv_442","{""layer_width"": 1, ""reduction_percent"": 0.99, ""stop_condition"": 5, ""dropout_rate"": 0.3, ""focal_gamma"": 1.0, ""focal_alpha"": 0.25, ""epochs"": 50, ""batch_size"": 256}"
6,0.7897747226946917,10,"knn_05_num_blanks, qv_1, qv_240, qv_311, qv_323, qv_49, qv_524, qv_609, total_correct_attempts, user_stats_today_tf_accuracy_rate","{""layer_width"": 1, ""reduction_percent"": 0.99, ""stop_condition"": 5, ""dropout_rate"": 0.3, ""focal_gamma"": 1.0, ""focal_alpha"": 0.25, ""epochs"": 50, ""batch_size"": 256}"
7,0.7869546546579069,10,"accuracy_rate, knn_08_total_attempts, knn_10_question_type_sort_order, knn_12_num_mcq_options, knn_25_accuracy_rate, qv_266, qv_313, qv_459, qv_642, qv_98","{""layer_width"": 1, ""reduction_percent"": 0.99, ""stop_condition"": 5, ""dropout_rate"": 0.3, ""focal_gamma"": 1.0, ""focal_alpha"": 0.25, ""epochs"": 50, ""batch_size"": 256}"
8,0.7859318419463941,10,"accuracy_rate, knn_08_question_type_multiple_choice, knn_08_total_correct_attempts, knn_09_question_type_select_all_that_apply, knn_13_question_type_true_false, qv_334, qv_444, qv_521, qv_641, user_stats_today_sata_accuracy_rate","{""layer_width"": 1, ""reduction_percent"": 0.99, ""stop_condition"": 5, ""dropout_rate"": 0.3, ""focal_gamma"": 1.0, ""focal_alpha"": 0.25, ""epochs"": 50, ""batch_size"": 256}"
9,0.7851541563021465,10,"accuracy_rate, knn_03_total_attempts, knn_15_num_sata_options, knn_20_question_type_fill_in_the_blank, question_type_multiple_choice, qv_163, qv_169, qv_240, qv_412, qv_638","{""layer_width"": 1, ""reduction_percent"": 0.99, ""stop_condition"": 5, ""dropout_rate"": 0.3, ""focal_gamma"": 1.0, ""focal_alpha"": 0.25, ""epochs"": 50, ""batch_size"": 256}"
10,0.7850006384618566,10,"knn_12_total_attempts, knn_14_num_blanks, knn_15_total_correct_attempts, qv_331, qv_560, qv_563, qv_657, qv_716, revision_streak, user_stats_today_fitb_incorrect_attempts","{""layer_width"": 1, ""reduction_percent"": 0.99, ""stop_condition"": 5, ""dropout_rate"": 0.3, ""focal_gamma"": 1.0, ""focal_alpha"": 0.25, ""epochs"": 50, ""batch_size"": 256}"
11,0.784934321558945,10,"knn_11_days_since_first_introduced, knn_14_question_type_fill_in_the_blank, knn_18_distance, knn_21_question_type_select_all_that_apply, knn_22_num_so_options, qv_113, qv_127, qv_492, qv_574, revision_streak","{""layer_width"": 1, ""reduction_percent"": 0.99, ""stop_condition"": 5, ""dropout_rate"": 0.3, ""focal_gamma"": 1.0, ""focal_alpha"": 0.25, ""epochs"": 50, ""batch_size"": 256, ""learning_rate"": 0.1, ""optimizer"": ""nadam"", ""activation"": ""relu"", ""batch_norm"": false, ""l2_regularization"": 0.0}"
12,0.7840229957952014,10,"knn_08_question_type_select_all_that_apply, knn_13_question_type_select_all_that_apply, knn_14_question_type_true_false, knn_15_total_attempts, knn_21_distance, qv_0, qv_108, qv_520, qv_732, revision_streak","{""layer_width"": 1, ""reduction_percent"": 0.99, ""stop_condition"": 5, ""dropout_rate"": 0.3, ""focal_gamma"": 1.0, ""focal_alpha"": 0.25, ""epochs"": 50, ""batch_size"": 256}"
13,0.7837417616387213,10,"accuracy_rate, knn_03_total_incorrect_attempts, knn_04_num_blanks, knn_08_days_since_last_revision, qv_109, qv_151, qv_320, qv_683, qv_732, qv_91","{""layer_width"": 1, ""reduction_percent"": 0.99, ""stop_condition"": 5, ""dropout_rate"": 0.3, ""focal_gamma"": 1.0, ""focal_alpha"": 0.25, ""epochs"": 50, ""batch_size"": 256}"
14,0.7784284229440404,10,"knn_03_was_first_attempt, knn_06_total_incorrect_attempts, knn_18_question_type_select_all_that_apply, qv_130, qv_146, qv_193, qv_367, qv_419, qv_594, total_attempts","{""layer_width"": 1, ""reduction_percent"": 0.95, ""stop_condition"": 10, ""dropout_rate"": 0.3, ""focal_gamma"": 1.0, ""focal_alpha"": 0.25, ""epochs"": 30, ""batch_size"": 128}"
15,0.7778419365175552,10,"knn_06_was_first_attempt, knn_20_accuracy_rate, qv_121, qv_175, qv_271, qv_322, qv_442, qv_571, qv_99, revision_streak","{""layer_width"": 1, ""reduction_percent"": 0.99, ""stop_condition"": 5, ""dropout_rate"": 0.3, ""focal_gamma"": 1.0, ""focal_alpha"": 0.25, ""epochs"": 50, ""batch_size"": 256}"
16,0.7773412660115524,10,"accuracy_rate, knn_05_num_blanks, knn_07_question_type_true_false, knn_24_question_type_select_all_that_apply, qv_139, qv_272, qv_466, qv_585, qv_707, qv_746","{""layer_width"": 1, ""reduction_percent"": 0.99, ""stop_condition"": 5, ""dropout_rate"": 0.3, ""focal_gamma"": 1.0, ""focal_alpha"": 0.25, ""epochs"": 50, ""batch_size"": 256}"
17,0.777294662814403,10,"accuracy_rate, knn_10_days_since_last_revision, knn_16_num_sata_options, knn_21_question_type_sort_order, knn_25_question_type_missing, qv_118, qv_130, qv_313, qv_475, qv_657","{""layer_width"": 1, ""reduction_percent"": 0.95, ""stop_condition"": 10, ""dropout_rate"": 0.3, ""focal_gamma"": 1.0, ""focal_alpha"": 0.25, ""epochs"": 30, ""batch_size"": 128}"
18,0.7771405750696542,10,"accuracy_rate, knn_01_days_since_first_introduced, knn_01_question_type_sort_order, knn_05_accuracy_rate, knn_08_num_blanks, qv_175, qv_291, qv_338, qv_602, qv_648","{""layer_width"": 1, ""reduction_percent"": 0.99, ""stop_condition"": 5, ""dropout_rate"": 0.3, ""focal_gamma"": 1.0, ""focal_alpha"": 0.25, ""epochs"": 50, ""batch_size"": 256}"
19,0.7767573524190611,10,"accuracy_rate, knn_05_distance, knn_12_question_type_true_false, knn_18_accuracy_rate, qv_118, qv_397, qv_519, qv_744, qv_75, qv_753","{""layer_width"": 1, ""reduction_percent"": 0.99, ""stop_condition"": 5, ""dropout_rate"": 0.3, ""focal_gamma"": 1.0, ""focal_alpha"": 0.25, ""epochs"": 50, ""batch_size"": 256}"
20,0.776045575309916,10,"knn_08_question_type_fill_in_the_blank, knn_11_days_since_first_introduced, knn_11_total_attempts, knn_21_distance, qv_282, qv_359, qv_477, qv_498, qv_741, revision_streak","{""layer_width"": 1, ""reduction_percent"": 0.99, ""stop_condition"": 5, ""dropout_rate"": 0.3, ""focal_gamma"": 1.0, ""focal_alpha"": 0.25, ""epochs"": 50, ""batch_size"": 256, ""learning_rate"": 0.1, ""optimizer"": ""nadam"", ""activation"": ""relu"", ""batch_norm"": false, ""l2_regularization"": 0.0}"
21,0.775215250701208,10,"accuracy_rate, knn_09_total_incorrect_attempts, knn_11_accuracy_rate, knn_12_days_since_last_revision, knn_16_num_mcq_options, qv_199, qv_375, qv_59, qv_73, qv_732","{""layer_width"": 1, ""reduction_percent"": 0.99, ""stop_condition"": 5, ""dropout_rate"": 0.3, ""focal_gamma"": 1.0, ""focal_alpha"": 0.25, ""epochs"": 50, ""batch_size"": 256}"
22,0.7739583202454025,10,"knn_05_num_blanks, qv_168, qv_354, qv_438, qv_50, qv_569, qv_671, qv_702, qv_749, was_first_attempt","{""layer_width"": 1, ""reduction_percent"": 0.99, ""stop_condition"": 5, ""dropout_rate"": 0.3, ""focal_gamma"": 1.0, ""focal_alpha"": 0.25, ""epochs"": 50, ""batch_size"": 256}"
23,0.7734943469033563,10,"accuracy_rate, knn_05_question_type_true_false, knn_10_num_so_options, knn_14_num_blanks, knn_22_avg_react_time, knn_22_question_type_multiple_choice, qv_294, qv_407, qv_668, rs_4","{""layer_width"": 1, ""reduction_percent"": 0.99, ""stop_condition"": 5, ""dropout_rate"": 0.3, ""focal_gamma"": 1.0, ""focal_alpha"": 0.25, ""epochs"": 50, ""batch_size"": 256}"
24,0.7730103041967988,10,"accuracy_rate, knn_01_question_type_sort_order, knn_16_num_blanks, knn_21_question_type_fill_in_the_blank, qv_10, qv_114, qv_541, qv_652, qv_93, user_stats_today_fitb_total_attempts","{""layer_width"": 1, ""reduction_percent"": 0.99, ""stop_condition"": 5, ""dropout_rate"": 0.3, ""focal_gamma"": 1.0, ""focal_alpha"": 0.25, ""epochs"": 50, ""batch_size"": 256}"
25,0.7722137266946231,10,"accuracy_rate, knn_11_total_correct_attempts, knn_14_num_blanks, knn_16_distance, knn_20_total_attempts, qv_156, qv_422, qv_680, qv_701, user_stats_today_fitb_total_attempts","{""layer_width"": 1, ""reduction_percent"": 0.99, ""stop_condition"": 5, ""dropout_rate"": 0.3, ""focal_gamma"": 1.0, ""focal_alpha"": 0.25, ""epochs"": 50, ""batch_size"": 256}"
26,0.7713581843256836,10,"knn_04_num_so_options, knn_04_question_type_true_false, qv_21, qv_405, qv_442, qv_451, qv_703, qv_74, user_stats_today_accuracy_rate, was_first_attempt","{""layer_width"": 1, ""reduction_percent"": 0.99, ""stop_condition"": 5, ""dropout_rate"": 0.3, ""focal_gamma"": 1.0, ""focal_alpha"": 0.25, ""epochs"": 50, ""batch_size"": 256}"
27,0.7706856066365539,10,"knn_04_total_attempts, knn_07_question_type_missing, knn_10_distance, knn_18_total_correct_attempts, qv_312, qv_358, qv_549, qv_635, total_attempts, user_stats_total_incorrect_attempts","{""layer_width"": 1, ""reduction_percent"": 0.99, ""stop_condition"": 5, ""dropout_rate"": 0.3, ""focal_gamma"": 1.0, ""focal_alpha"": 0.25, ""epochs"": 50, ""batch_size"": 256}"
28,0.7691767023423703,10,"knn_06_num_blanks, knn_08_question_type_select_all_that_apply, knn_21_question_type_fill_in_the_blank, knn_22_days_since_last_revision, qv_129, qv_478, qv_481, qv_7, total_correct_attempts, user_stats_total_so_attempts","{""layer_width"": 1, ""reduction_percent"": 0.99, ""stop_condition"": 5, ""dropout_rate"": 0.3, ""focal_gamma"": 1.0, ""focal_alpha"": 0.25, ""epochs"": 50, ""batch_size"": 256}"
29,0.7690640470377901,10,"knn_02_num_mcq_options, knn_02_question_type_select_all_that_apply, knn_15_question_type_select_all_that_apply, qv_106, qv_25, qv_318, qv_346, qv_413, qv_537, total_correct_attempts","{""layer_width"": 1, ""reduction_percent"": 0.99, ""stop_condition"": 5, ""dropout_rate"": 0.3, ""focal_gamma"": 1.0, ""focal_alpha"": 0.25, ""epochs"": 50, ""batch_size"": 256}"
30,0.7683055772134832,10,"accuracy_rate, knn_06_question_type_fill_in_the_blank, knn_11_days_since_first_introduced, knn_13_total_correct_attempts, knn_15_question_type_sort_order, knn_23_num_blanks, qv_157, qv_232, qv_296, qv_383","{""layer_width"": 1, ""reduction_percent"": 0.99, ""stop_condition"": 5, ""dropout_rate"": 0.3, ""focal_gamma"": 1.0, ""focal_alpha"": 0.25, ""epochs"": 50, ""batch_size"": 256, ""learning_rate"": 0.1, ""optimizer"": ""nadam"", ""activation"": ""relu"", ""batch_norm"": false, ""l2_regularization"": 0.0}"
31,0.7669331917633438,10,"knn_09_question_type_fill_in_the_blank, knn_11_days_since_first_introduced, knn_12_question_type_true_false, knn_19_accuracy_rate, qv_239, qv_514, qv_541, qv_87, revision_streak, rs_10","{""layer_width"": 1, ""reduction_percent"": 0.99, ""stop_condition"": 5, ""dropout_rate"": 0.3, ""focal_gamma"": 1.0, ""focal_alpha"": 0.25, ""epochs"": 50, ""batch_size"": 256, ""learning_rate"": 0.1, ""optimizer"": ""nadam"", ""activation"": ""relu"", ""batch_norm"": false, ""l2_regularization"": 0.0}"
32,0.7661740210245916,10,"knn_03_num_mcq_options, knn_03_total_correct_attempts, knn_23_num_blanks, qv_318, qv_386, qv_428, qv_435, qv_565, qv_571, total_attempts","{""layer_width"": 1, ""reduction_percent"": 0.99, ""stop_condition"": 5, ""dropout_rate"": 0.3, ""focal_gamma"": 1.0, ""focal_alpha"": 0.25, ""epochs"": 50, ""batch_size"": 256}"
33,0.7661207442587881,10,"knn_04_num_so_options, knn_13_num_sata_options, knn_24_question_type_missing, qv_221, qv_359, qv_570, qv_628, qv_68, qv_721, was_first_attempt","{""layer_width"": 1, ""reduction_percent"": 0.99, ""stop_condition"": 5, ""dropout_rate"": 0.3, ""focal_gamma"": 1.0, ""focal_alpha"": 0.25, ""epochs"": 50, ""batch_size"": 256, ""learning_rate"": 0.1, ""optimizer"": ""nadam"", ""activation"": ""relu"", ""batch_norm"": false, ""l2_regularization"": 0.0}"
34,0.7660094848289141,10,"days_since_first_introduced, knn_02_distance, knn_13_question_type_true_false, knn_14_num_blanks, qv_369, qv_460, qv_731, qv_757, revision_streak, rs_0","{""layer_width"": 1, ""reduction_percent"": 0.99, ""stop_condition"": 5, ""dropout_rate"": 0.3, ""focal_gamma"": 1.0, ""focal_alpha"": 0.25, ""epochs"": 50, ""batch_size"": 256}"
35,0.7659957160509663,10,"knn_01_question_type_sort_order, knn_17_avg_react_time, knn_17_total_correct_attempts, knn_21_num_sata_options, qv_1, qv_307, qv_613, qv_694, qv_721, total_correct_attempts","{""layer_width"": 1, ""reduction_percent"": 0.99, ""stop_condition"": 5, ""dropout_rate"": 0.3, ""focal_gamma"": 1.0, ""focal_alpha"": 0.25, ""epochs"": 50, ""batch_size"": 256}"
36,0.7655962111189013,10,"knn_04_num_so_options, knn_16_total_correct_attempts, knn_17_question_type_missing, qv_10, qv_222, qv_53, qv_680, qv_88, rs_7, total_attempts","{""layer_width"": 1, ""reduction_percent"": 0.99, ""stop_condition"": 5, ""dropout_rate"": 0.3, ""focal_gamma"": 1.0, ""focal_alpha"": 0.25, ""epochs"": 50, ""batch_size"": 256, ""learning_rate"": 0.1, ""optimizer"": ""nadam"", ""activation"": ""relu"", ""batch_norm"": false, ""l2_regularization"": 0.0}"
37,0.7655020797383862,10,"knn_05_num_blanks, knn_09_question_type_true_false, knn_16_num_mcq_options, knn_22_num_blanks, qv_133, qv_137, qv_166, qv_211, total_attempts, user_stats_avg_daily_questions_learned","{""layer_width"": 1, ""reduction_percent"": 0.99, ""stop_condition"": 5, ""dropout_rate"": 0.3, ""focal_gamma"": 1.0, ""focal_alpha"": 0.25, ""epochs"": 50, ""batch_size"": 256}"
38,0.764554808059665,10,"knn_22_num_blanks, knn_22_total_incorrect_attempts, qv_229, qv_3, qv_318, qv_327, qv_534, qv_661, qv_679, was_first_attempt","{""layer_width"": 1, ""reduction_percent"": 0.99, ""stop_condition"": 5, ""dropout_rate"": 0.3, ""focal_gamma"": 1.0, ""focal_alpha"": 0.25, ""epochs"": 50, ""batch_size"": 256}"
39,0.7630643210632263,10,"knn_01_num_so_options, knn_03_days_since_first_introduced, knn_05_num_blanks, knn_22_total_incorrect_attempts, qv_247, qv_318, qv_487, qv_498, qv_553, revision_streak","{""layer_width"": 1, ""reduction_percent"": 0.99, ""stop_condition"": 5, ""dropout_rate"": 0.3, ""focal_gamma"": 1.0, ""focal_alpha"": 0.25, ""epochs"": 50, ""batch_size"": 256}"
40,0.7620918632591213,10,"accuracy_rate, attempt_day_ratio, avg_react_time, days_since_first_introduced, days_since_last_revision, revision_streak, total_attempts, total_correct_attempts, total_incorrect_attempts, was_first_attempt","{""layer_width"": 1, ""reduction_percent"": 0.99, ""stop_condition"": 5, ""dropout_rate"": 0.3, ""focal_gamma"": 1.0, ""focal_alpha"": 0.25, ""epochs"": 50, ""batch_size"": 256, ""learning_rate"": 0.1, ""optimizer"": ""nadam"", ""activation"": ""relu"", ""batch_norm"": false, ""l2_regularization"": 0.0}"
41,0.7619396049049046,10,"knn_12_num_blanks, knn_21_question_type_true_false, qv_127, qv_144, qv_248, qv_635, qv_650, qv_655, total_correct_attempts, user_stats_consecutive_correct_streak","{""layer_width"": 1, ""reduction_percent"": 0.99, ""stop_condition"": 5, ""dropout_rate"": 0.3, ""focal_gamma"": 1.0, ""focal_alpha"": 0.25, ""epochs"": 50, ""batch_size"": 256}"
42,0.7618936926098961,10,"knn_12_num_sata_options, knn_16_distance, qv_100, qv_118, qv_223, qv_497, qv_565, qv_726, qv_73, was_first_attempt","{""layer_width"": 1, ""reduction_percent"": 0.99, ""stop_condition"": 5, ""dropout_rate"": 0.3, ""focal_gamma"": 1.0, ""focal_alpha"": 0.25, ""epochs"": 50, ""batch_size"": 256}"
43,0.7615841379789849,10,"accuracy_rate, knn_05_distance, qv_115, qv_118, qv_40, qv_417, qv_423, qv_5, qv_735, user_stats_total_mcq_incorrrect_attempts","{""layer_width"": 1, ""reduction_percent"": 0.99, ""stop_condition"": 5, ""dropout_rate"": 0.3, ""focal_gamma"": 1.0, ""focal_alpha"": 0.25, ""epochs"": 50, ""batch_size"": 256}"
44,0.7614894326660326,10,"knn_08_question_type_sort_order, knn_15_days_since_last_revision, qv_118, qv_127, qv_167, qv_285, qv_378, qv_466, qv_587, total_attempts","{""layer_width"": 1, ""reduction_percent"": 0.99, ""stop_condition"": 5, ""dropout_rate"": 0.3, ""focal_gamma"": 1.0, ""focal_alpha"": 0.25, ""epochs"": 50, ""batch_size"": 256}"
45,0.7612349084243134,10,"knn_07_days_since_last_revision, knn_07_question_type_multiple_choice, knn_11_total_attempts, qv_218, qv_353, qv_442, qv_681, qv_704, qv_9, total_correct_attempts","{""layer_width"": 1, ""reduction_percent"": 0.99, ""stop_condition"": 5, ""dropout_rate"": 0.3, ""focal_gamma"": 1.0, ""focal_alpha"": 0.25, ""epochs"": 50, ""batch_size"": 256}"
46,0.7600347887033442,10,"knn_09_num_blanks, knn_11_days_since_first_introduced, knn_13_num_sata_options, knn_15_avg_react_time, qv_122, qv_269, qv_270, qv_334, qv_695, total_attempts","{""layer_width"": 1, ""reduction_percent"": 0.99, ""stop_condition"": 5, ""dropout_rate"": 0.3, ""focal_gamma"": 1.0, ""focal_alpha"": 0.25, ""epochs"": 50, ""batch_size"": 256, ""learning_rate"": 0.1, ""optimizer"": ""nadam"", ""activation"": ""relu"", ""batch_norm"": false, ""l2_regularization"": 0.0}"
47,0.7599195034478264,10,"knn_03_question_type_select_all_that_apply, knn_07_num_blanks, knn_07_num_sata_options, knn_11_days_since_first_introduced, knn_20_num_mcq_options, qv_254, qv_317, qv_673, qv_685, total_attempts","{""layer_width"": 1, ""reduction_percent"": 0.99, ""stop_condition"": 5, ""dropout_rate"": 0.3, ""focal_gamma"": 1.0, ""focal_alpha"": 0.25, ""epochs"": 50, ""batch_size"": 256, ""learning_rate"": 0.1, ""optimizer"": ""nadam"", ""activation"": ""relu"", ""batch_norm"": false, ""l2_regularization"": 0.0}"
48,0.7591418355617447,10,"knn_05_question_type_multiple_choice, knn_09_num_mcq_options, knn_14_distance, qv_234, qv_334, qv_638, qv_675, qv_87, qv_96, total_attempts","{""layer_width"": 1, ""reduction_percent"": 0.99, ""stop_condition"": 5, ""dropout_rate"": 0.3, ""focal_gamma"": 1.0, ""focal_alpha"": 0.25, ""epochs"": 50, ""batch_size"": 256}"
49,0.757998164832986,10,"knn_01_accuracy_rate, knn_02_total_incorrect_attempts, qv_334, qv_437, qv_613, qv_659, revision_streak, user_stats_total_fitb_attempts, user_stats_total_mcq_attempts, user_stats_total_tf_correct_attempts","{""layer_width"": 1, ""reduction_percent"": 0.99, ""stop_condition"": 5, ""dropout_rate"": 0.3, ""focal_gamma"": 1.0, ""focal_alpha"": 0.25, ""epochs"": 50, ""batch_size"": 256}"
50,0.757971526879218,10,"avg_react_time, knn_25_avg_react_time, qv_130, qv_134, qv_186, qv_197, qv_449, qv_541, qv_592, qv_615","{""layer_width"": 5, ""reduction_percent"": 0.9, ""stop_condition"": 10, ""dropout_rate"": 0.1, ""focal_gamma"": 2.0, ""focal_alpha"": 0.35, ""epochs"": 90, ""batch_size"": 32}"
51,0.7579501699819089,10,"knn_06_question_type_fill_in_the_blank, knn_10_avg_react_time, knn_14_question_type_multiple_choice, knn_18_total_incorrect_attempts, knn_22_question_type_select_all_that_apply, qv_173, qv_440, qv_442, qv_454, was_first_attempt","{""layer_width"": 1, ""reduction_percent"": 0.99, ""stop_condition"": 5, ""dropout_rate"": 0.3, ""focal_gamma"": 1.0, ""focal_alpha"": 0.25, ""epochs"": 50, ""batch_size"": 256}"
52,0.757668234432518,10,"knn_02_num_blanks, knn_07_avg_react_time, qv_342, qv_363, qv_48, qv_635, qv_688, qv_738, revision_streak, user_stats_total_mcq_attempts","{""layer_width"": 1, ""reduction_percent"": 0.99, ""stop_condition"": 5, ""dropout_rate"": 0.3, ""focal_gamma"": 1.0, ""focal_alpha"": 0.25, ""epochs"": 50, ""batch_size"": 256}"
53,0.757020079446676,10,"knn_01_revision_streak, knn_07_days_since_last_revision, knn_12_was_first_attempt, knn_14_num_blanks, qv_408, qv_516, qv_653, qv_692, qv_701, total_correct_attempts","{""layer_width"": 1, ""reduction_percent"": 0.99, ""stop_condition"": 5, ""dropout_rate"": 0.3, ""focal_gamma"": 1.0, ""focal_alpha"": 0.25, ""epochs"": 50, ""batch_size"": 256}"
54,0.7557180697054775,10,"avg_react_time, knn_04_num_so_options, knn_13_num_so_options, knn_20_total_correct_attempts, qv_36, qv_396, qv_476, qv_626, qv_676, user_stats_today_sata_total_attempts","{""layer_width"": 1, ""reduction_percent"": 0.99, ""stop_condition"": 5, ""dropout_rate"": 0.3, ""focal_gamma"": 1.0, ""focal_alpha"": 0.25, ""epochs"": 50, ""batch_size"": 256, ""learning_rate"": 0.1, ""optimizer"": ""nadam"", ""activation"": ""relu"", ""batch_norm"": false, ""l2_regularization"": 0.0}"
55,0.7554963226832037,10,"knn_02_question_type_sort_order, knn_08_question_type_select_all_that_apply, knn_20_question_type_multiple_choice, knn_21_accuracy_rate, qv_170, qv_198, qv_693, revision_streak, rs_1, user_stats_total_tf_correct_attempts","{""layer_width"": 1, ""reduction_percent"": 0.99, ""stop_condition"": 5, ""dropout_rate"": 0.3, ""focal_gamma"": 1.0, ""focal_alpha"": 0.25, ""epochs"": 50, ""batch_size"": 256}"
56,0.7536799347449731,10,"days_since_first_introduced, knn_04_num_blanks, knn_15_num_so_options, knn_17_question_type_multiple_choice, qv_163, qv_209, qv_350, qv_443, qv_709, rs_6","{""layer_width"": 1, ""reduction_percent"": 0.99, ""stop_condition"": 5, ""dropout_rate"": 0.3, ""focal_gamma"": 1.0, ""focal_alpha"": 0.25, ""epochs"": 50, ""batch_size"": 256}"
57,0.7496694149454208,10,"knn_05_revision_streak, knn_06_question_type_sort_order, knn_06_was_first_attempt, knn_09_num_so_options, knn_17_question_type_select_all_that_apply, knn_23_num_so_options, qv_318, qv_570, qv_729, total_correct_attempts","{""layer_width"": 1, ""reduction_percent"": 0.99, ""stop_condition"": 5, ""dropout_rate"": 0.3, ""focal_gamma"": 1.0, ""focal_alpha"": 0.25, ""epochs"": 50, ""batch_size"": 256}"
58,0.7486436180433823,10,"knn_02_question_type_missing, knn_15_days_since_first_introduced, knn_22_num_sata_options, qv_260, qv_39, qv_615, qv_635, qv_90, total_attempts, user_stats_today_mcq_correct_attempts","{""layer_width"": 1, ""reduction_percent"": 0.99, ""stop_condition"": 5, ""dropout_rate"": 0.3, ""focal_gamma"": 1.0, ""focal_alpha"": 0.25, ""epochs"": 50, ""batch_size"": 256}"
59,0.7484713477151614,10,"knn_04_num_blanks, knn_09_total_attempts, knn_15_question_type_select_all_that_apply, knn_25_num_so_options, num_so_options, qv_174, qv_231, qv_627, qv_711, total_attempts","{""layer_width"": 1, ""reduction_percent"": 0.99, ""stop_condition"": 5, ""dropout_rate"": 0.3, ""focal_gamma"": 1.0, ""focal_alpha"": 0.25, ""epochs"": 50, ""batch_size"": 256}"
60,0.7454931258036812,10,"knn_01_was_first_attempt, knn_06_question_type_multiple_choice, knn_15_num_sata_options, knn_17_question_type_multiple_choice, qv_139, qv_178, qv_314, qv_510, rs_6, user_stats_total_tf_attempts","{""layer_width"": 2, ""reduction_percent"": 0.9, ""stop_condition"": 5, ""dropout_rate"": 0.1, ""focal_gamma"": 1.0, ""focal_alpha"": 0.25, ""epochs"": 60, ""batch_size"": 64}"
61,0.7453032692547009,10,"knn_07_was_first_attempt, knn_11_num_so_options, knn_18_question_type_multiple_choice, qv_118, qv_119, qv_148, qv_180, qv_212, qv_463, qv_604","{""layer_width"": 1, ""reduction_percent"": 0.99, ""stop_condition"": 5, ""dropout_rate"": 0.3, ""focal_gamma"": 1.0, ""focal_alpha"": 0.25, ""epochs"": 50, ""batch_size"": 256}"
62,0.7452700330621084,10,"knn_04_total_incorrect_attempts, knn_12_days_since_first_introduced, knn_21_revision_streak, qv_255, qv_316, qv_379, qv_540, qv_669, qv_684, user_stats_today_mcq_accuracy_rate","{""layer_width"": 1, ""reduction_percent"": 0.99, ""stop_condition"": 5, ""dropout_rate"": 0.3, ""focal_gamma"": 1.0, ""focal_alpha"": 0.25, ""epochs"": 50, ""batch_size"": 256}"
63,0.7448669904216831,10,"knn_02_was_first_attempt, knn_14_num_blanks, qv_12, qv_205, qv_249, qv_345, qv_388, qv_394, qv_419, qv_661","{""layer_width"": 1, ""reduction_percent"": 0.99, ""stop_condition"": 5, ""dropout_rate"": 0.3, ""focal_gamma"": 1.0, ""focal_alpha"": 0.25, ""epochs"": 50, ""batch_size"": 256}"
64,0.7437840818052421,10,"knn_01_question_type_sort_order, knn_17_question_type_fill_in_the_blank, knn_23_num_mcq_options, knn_24_distance, qv_180, qv_278, qv_539, qv_588, qv_632, qv_72","{""layer_width"": 1, ""reduction_percent"": 0.99, ""stop_condition"": 5, ""dropout_rate"": 0.3, ""focal_gamma"": 1.0, ""focal_alpha"": 0.25, ""epochs"": 50, ""batch_size"": 256}"
65,0.7426217959068216,10,"knn_02_question_type_missing, knn_16_distance, knn_25_accuracy_rate, qv_142, qv_269, qv_426, qv_441, qv_664, qv_749, rs_5","{""layer_width"": 1, ""reduction_percent"": 0.99, ""stop_condition"": 5, ""dropout_rate"": 0.3, ""focal_gamma"": 1.0, ""focal_alpha"": 0.25, ""epochs"": 50, ""batch_size"": 256}"
66,0.7419052142800653,10,"knn_04_total_incorrect_attempts, knn_07_revision_streak, knn_08_num_mcq_options, qv_112, qv_177, qv_302, qv_336, qv_391, qv_530, user_stats_global_sata_accuracy","{""layer_width"": 1, ""reduction_percent"": 0.99, ""stop_condition"": 5, ""dropout_rate"": 0.3, ""focal_gamma"": 1.0, ""focal_alpha"": 0.25, ""epochs"": 50, ""batch_size"": 256}"
67,0.7416533107434832,10,"knn_05_num_sata_options, knn_08_avg_react_time, knn_25_accuracy_rate, qv_144, qv_189, qv_322, qv_515, qv_693, qv_99, user_stats_total_fitb_attempts","{""layer_width"": 1, ""reduction_percent"": 0.99, ""stop_condition"": 5, ""dropout_rate"": 0.3, ""focal_gamma"": 1.0, ""focal_alpha"": 0.25, ""epochs"": 50, ""batch_size"": 256}"
68,0.7414211099877586,10,"knn_02_num_mcq_options, knn_02_question_type_multiple_choice, knn_17_question_type_missing, knn_19_revision_streak, knn_20_avg_react_time, knn_20_question_type_sort_order, knn_25_accuracy_rate, qv_180, qv_221, qv_400","{""layer_width"": 1, ""reduction_percent"": 0.99, ""stop_condition"": 5, ""dropout_rate"": 0.3, ""focal_gamma"": 1.0, ""focal_alpha"": 0.25, ""epochs"": 50, ""batch_size"": 256}"
69,0.7410089893592845,10,"knn_19_num_so_options, qv_215, qv_263, qv_385, qv_442, qv_523, qv_748, qv_92, user_stats_consecutive_incorrect_streak, user_stats_max_correct_streak_achieved","{""layer_width"": 1, ""reduction_percent"": 0.99, ""stop_condition"": 5, ""dropout_rate"": 0.3, ""focal_gamma"": 1.0, ""focal_alpha"": 0.25, ""epochs"": 50, ""batch_size"": 256}"
70,0.7404599327491244,10,"knn_08_question_type_select_all_that_apply, knn_12_num_blanks, knn_12_question_type_sort_order, knn_14_question_type_missing, qv_359, qv_369, qv_379, qv_467, qv_533, qv_8","{""layer_width"": 1, ""reduction_percent"": 0.99, ""stop_condition"": 5, ""dropout_rate"": 0.3, ""focal_gamma"": 1.0, ""focal_alpha"": 0.25, ""epochs"": 50, ""batch_size"": 256}"
71,0.7404155171340661,10,"knn_20_question_type_fill_in_the_blank, knn_20_question_type_sort_order, qv_347, qv_472, qv_538, qv_634, qv_718, qv_76, qv_760, user_stats_total_so_attempts","{""layer_width"": 1, ""reduction_percent"": 0.99, ""stop_condition"": 5, ""dropout_rate"": 0.3, ""focal_gamma"": 1.0, ""focal_alpha"": 0.25, ""epochs"": 50, ""batch_size"": 256}"
72,0.7399790128544189,10,"knn_01_revision_streak, knn_02_num_so_options, knn_09_question_type_missing, knn_12_num_so_options, knn_14_num_blanks, knn_25_question_type_multiple_choice, qv_223, qv_587, qv_735, user_stats_today_mcq_accuracy_rate","{""layer_width"": 1, ""reduction_percent"": 0.99, ""stop_condition"": 5, ""dropout_rate"": 0.3, ""focal_gamma"": 1.0, ""focal_alpha"": 0.25, ""epochs"": 50, ""batch_size"": 256}"
73,0.7397487160414379,10,"days_since_first_introduced, knn_02_revision_streak, knn_11_days_since_first_introduced, knn_13_revision_streak, knn_23_distance, knn_25_accuracy_rate, qv_323, qv_378, qv_448, qv_661","{""layer_width"": 1, ""reduction_percent"": 0.99, ""stop_condition"": 5, ""dropout_rate"": 0.3, ""focal_gamma"": 1.0, ""focal_alpha"": 0.25, ""epochs"": 50, ""batch_size"": 256, ""learning_rate"": 0.1, ""optimizer"": ""nadam"", ""activation"": ""relu"", ""batch_norm"": false, ""l2_regularization"": 0.0}"
74,0.7396899394874258,10,"knn_15_revision_streak, knn_17_total_correct_attempts, knn_19_question_type_select_all_that_apply, knn_25_distance, qv_398, qv_473, qv_512, qv_570, user_stats_avg_reaction_time, user_stats_today_so_incorrect_attempts","{""layer_width"": 1, ""reduction_percent"": 0.95, ""stop_condition"": 10, ""dropout_rate"": 0.1, ""focal_gamma"": 1.0, ""focal_alpha"": 0.1, ""epochs"": 50, ""batch_size"": 32}"
75,0.7394935085994432,10,"knn_02_num_mcq_options, knn_09_days_since_last_revision, knn_10_distance, knn_24_question_type_sort_order, qv_281, qv_336, qv_345, qv_375, qv_392, was_first_attempt","{""layer_width"": 1, ""reduction_percent"": 0.99, ""stop_condition"": 5, ""dropout_rate"": 0.3, ""focal_gamma"": 1.0, ""focal_alpha"": 0.25, ""epochs"": 50, ""batch_size"": 256}"
76,0.739488171176149,10,"knn_01_question_type_sort_order, knn_02_question_type_missing, knn_08_avg_react_time, knn_15_question_type_sort_order, question_type_select_all_that_apply, qv_230, qv_240, qv_278, qv_396, qv_682","{""layer_width"": 1, ""reduction_percent"": 0.99, ""stop_condition"": 5, ""dropout_rate"": 0.3, ""focal_gamma"": 1.0, ""focal_alpha"": 0.25, ""epochs"": 50, ""batch_size"": 256}"
77,0.739423770683574,10,"knn_03_question_type_sort_order, knn_07_num_so_options, qv_138, qv_318, qv_325, qv_331, qv_475, qv_593, qv_6, qv_665","{""layer_width"": 1, ""reduction_percent"": 0.99, ""stop_condition"": 5, ""dropout_rate"": 0.3, ""focal_gamma"": 1.0, ""focal_alpha"": 0.25, ""epochs"": 50, ""batch_size"": 256}"
78,0.739352827150795,10,"days_since_first_introduced, knn_08_total_attempts, knn_22_was_first_attempt, qv_213, qv_280, qv_360, qv_398, qv_442, qv_659, qv_767","{""layer_width"": 1, ""reduction_percent"": 0.99, ""stop_condition"": 5, ""dropout_rate"": 0.3, ""focal_gamma"": 1.0, ""focal_alpha"": 0.25, ""epochs"": 50, ""batch_size"": 256}"
79,0.7392564300719223,10,"knn_03_num_blanks, knn_08_question_type_select_all_that_apply, qv_318, qv_464, qv_471, qv_500, qv_536, qv_6, qv_696, rs_8","{""layer_width"": 1, ""reduction_percent"": 0.99, ""stop_condition"": 5, ""dropout_rate"": 0.3, ""focal_gamma"": 1.0, ""focal_alpha"": 0.25, ""epochs"": 50, ""batch_size"": 256}"
80,0.738798468346958,10,"knn_04_total_incorrect_attempts, knn_07_num_blanks, knn_11_total_correct_attempts, knn_23_num_mcq_options, qv_193, qv_242, qv_36, qv_376, qv_627, user_stats_today_mcq_accuracy_rate","{""layer_width"": 1, ""reduction_percent"": 0.99, ""stop_condition"": 5, ""dropout_rate"": 0.3, ""focal_gamma"": 1.0, ""focal_alpha"": 0.25, ""epochs"": 50, ""batch_size"": 256}"
81,0.7387799797910105,10,"knn_15_question_type_true_false, qv_141, qv_246, qv_413, qv_508, qv_571, qv_628, qv_635, qv_663, qv_78","{""layer_width"": 1, ""reduction_percent"": 0.99, ""stop_condition"": 5, ""dropout_rate"": 0.3, ""focal_gamma"": 1.0, ""focal_alpha"": 0.25, ""epochs"": 50, ""batch_size"": 256}"
82,0.7387738606955907,10,"knn_06_days_since_last_revision, knn_17_days_since_first_introduced, qv_336, qv_407, qv_468, qv_471, qv_480, qv_643, user_stats_avg_reaction_time, user_stats_today_tf_accuracy_rate","{""layer_width"": 1, ""reduction_percent"": 0.99, ""stop_condition"": 5, ""dropout_rate"": 0.3, ""focal_gamma"": 1.0, ""focal_alpha"": 0.25, ""epochs"": 50, ""batch_size"": 256}"
83,0.7387369897908007,10,"knn_05_num_blanks, knn_12_was_first_attempt, knn_21_question_type_fill_in_the_blank, num_mcq_options, qv_174, qv_480, qv_594, qv_617, qv_637, qv_8","{""layer_width"": 1, ""reduction_percent"": 0.99, ""stop_condition"": 5, ""dropout_rate"": 0.3, ""focal_gamma"": 1.0, ""focal_alpha"": 0.25, ""epochs"": 50, ""batch_size"": 256}"
84,0.7386729585887749,10,"avg_react_time, knn_04_total_incorrect_attempts, knn_07_question_type_fill_in_the_blank, knn_09_accuracy_rate, knn_15_was_first_attempt, knn_17_attempt_day_ratio, qv_110, qv_17, qv_366, qv_572","{""layer_width"": 1, ""reduction_percent"": 0.99, ""stop_condition"": 5, ""dropout_rate"": 0.3, ""focal_gamma"": 1.0, ""focal_alpha"": 0.25, ""epochs"": 50, ""batch_size"": 256}"
85,0.7386211459478453,10,"knn_01_avg_react_time, knn_04_num_blanks, knn_07_avg_react_time, qv_104, qv_581, qv_616, qv_658, rs_1, total_correct_attempts, user_stats_total_tf_correct_attempts","{""layer_width"": 1, ""reduction_percent"": 0.99, ""stop_condition"": 5, ""dropout_rate"": 0.3, ""focal_gamma"": 1.0, ""focal_alpha"": 0.25, ""epochs"": 50, ""batch_size"": 256}"
86,0.7385845447778614,10,"avg_react_time, knn_05_num_blanks, knn_10_total_correct_attempts, knn_14_question_type_missing, knn_20_question_type_fill_in_the_blank, num_blanks, qv_244, qv_318, qv_386, qv_436","{""layer_width"": 1, ""reduction_percent"": 0.99, ""stop_condition"": 5, ""dropout_rate"": 0.3, ""focal_gamma"": 1.0, ""focal_alpha"": 0.25, ""epochs"": 50, ""batch_size"": 256}"
87,0.7381119638898525,10,"knn_15_was_first_attempt, knn_17_days_since_last_revision, knn_20_question_type_fill_in_the_blank, knn_23_num_so_options, qv_106, qv_205, qv_320, qv_569, qv_685, user_stats_today_sata_incorrect_attempts","{""layer_width"": 1, ""reduction_percent"": 0.99, ""stop_condition"": 5, ""dropout_rate"": 0.3, ""focal_gamma"": 1.0, ""focal_alpha"": 0.25, ""epochs"": 50, ""batch_size"": 256}"
88,0.7375324874334097,10,"knn_20_question_type_missing, knn_22_total_correct_attempts, qv_105, qv_160, qv_318, qv_334, qv_425, qv_618, qv_63, qv_664","{""layer_width"": 1, ""reduction_percent"": 0.99, ""stop_condition"": 5, ""dropout_rate"": 0.3, ""focal_gamma"": 1.0, ""focal_alpha"": 0.25, ""epochs"": 50, ""batch_size"": 256}"
89,0.7375291588943488,10,"days_since_first_introduced, knn_03_avg_react_time, knn_05_num_blanks, knn_11_num_so_options, knn_12_was_first_attempt, knn_25_question_type_multiple_choice, qv_108, qv_161, qv_34, qv_476","{""layer_width"": 1, ""reduction_percent"": 0.99, ""stop_condition"": 5, ""dropout_rate"": 0.3, ""focal_gamma"": 1.0, ""focal_alpha"": 0.25, ""epochs"": 50, ""batch_size"": 256}"
90,0.7374882758149698,10,"knn_08_num_blanks, knn_12_avg_react_time, knn_17_num_blanks, knn_19_question_type_select_all_that_apply, qv_194, qv_202, qv_305, qv_476, qv_575, user_stats_total_sata_attempts","{""layer_width"": 2, ""reduction_percent"": 0.9, ""stop_condition"": 5, ""dropout_rate"": 0.1, ""focal_gamma"": 1.0, ""focal_alpha"": 0.25, ""epochs"": 60, ""batch_size"": 64}"
91,0.7374346157752427,10,"knn_04_num_blanks, knn_04_question_type_multiple_choice, knn_11_distance, knn_18_total_correct_attempts, knn_24_was_first_attempt, question_type_true_false, qv_247, qv_379, qv_715, rs_8","{""layer_width"": 1, ""reduction_percent"": 0.99, ""stop_condition"": 5, ""dropout_rate"": 0.3, ""focal_gamma"": 1.0, ""focal_alpha"": 0.25, ""epochs"": 50, ""batch_size"": 256}"
92,0.7373361927497978,10,"knn_25_avg_react_time, knn_25_distance, qv_105, qv_180, qv_213, qv_297, qv_318, qv_533, qv_609, qv_721","{""layer_width"": 1, ""reduction_percent"": 0.99, ""stop_condition"": 5, ""dropout_rate"": 0.3, ""focal_gamma"": 1.0, ""focal_alpha"": 0.25, ""epochs"": 50, ""batch_size"": 256}"
93,0.7372505072830271,10,"knn_01_days_since_first_introduced, knn_01_days_since_last_revision, knn_08_question_type_select_all_that_apply, knn_19_num_blanks, qv_100, qv_129, qv_760, total_incorrect_attempts, user_stats_global_accuracy, user_stats_today_accuracy_rate","{""layer_width"": 1, ""reduction_percent"": 0.99, ""stop_condition"": 5, ""dropout_rate"": 0.3, ""focal_gamma"": 1.0, ""focal_alpha"": 0.25, ""epochs"": 50, ""batch_size"": 256}"
94,0.737101084254072,10,"knn_05_num_blanks, knn_08_accuracy_rate, knn_08_question_type_multiple_choice, knn_09_accuracy_rate, knn_11_question_type_select_all_that_apply, knn_23_question_type_missing, qv_10, qv_223, qv_531, user_stats_total_sata_correct_attempts","{""layer_width"": 1, ""reduction_percent"": 0.99, ""stop_condition"": 5, ""dropout_rate"": 0.3, ""focal_gamma"": 1.0, ""focal_alpha"": 0.25, ""epochs"": 50, ""batch_size"": 256}"
95,0.7368644884455086,10,"knn_11_question_type_sort_order, knn_16_total_incorrect_attempts, qv_15, qv_33, qv_334, qv_553, qv_561, qv_635, qv_637, qv_747","{""layer_width"": 1, ""reduction_percent"": 0.99, ""stop_condition"": 5, ""dropout_rate"": 0.3, ""focal_gamma"": 1.0, ""focal_alpha"": 0.25, ""epochs"": 50, ""batch_size"": 256}"
96,0.7368467346784935,10,"knn_04_num_so_options, knn_05_num_so_options, knn_14_num_so_options, knn_19_total_incorrect_attempts, knn_22_question_type_missing, qv_379, qv_539, qv_600, qv_732, user_stats_total_mcq_correct_attempts","{""layer_width"": 1, ""reduction_percent"": 0.99, ""stop_condition"": 5, ""dropout_rate"": 0.3, ""focal_gamma"": 1.0, ""focal_alpha"": 0.25, ""epochs"": 50, ""batch_size"": 256}"
97,0.7366089230301942,10,"knn_01_num_sata_options, knn_04_num_blanks, knn_20_avg_react_time, question_type_multiple_choice, qv_16, qv_18, qv_391, qv_401, qv_648, qv_8","{""layer_width"": 1, ""reduction_percent"": 0.99, ""stop_condition"": 5, ""dropout_rate"": 0.3, ""focal_gamma"": 1.0, ""focal_alpha"": 0.25, ""epochs"": 50, ""batch_size"": 256}"
98,0.7363912081283522,10,"knn_02_was_first_attempt, knn_08_num_so_options, knn_12_distance, knn_12_question_type_fill_in_the_blank, qv_130, qv_238, qv_408, qv_626, qv_636, user_stats_avg_daily_questions_learned","{""layer_width"": 1, ""reduction_percent"": 0.95, ""stop_condition"": 10, ""dropout_rate"": 0.3, ""focal_gamma"": 1.0, ""focal_alpha"": 0.25, ""epochs"": 30, ""batch_size"": 128}"
99,0.736112812098939,10,"knn_02_avg_react_time, knn_02_question_type_missing, qv_130, qv_381, qv_5, qv_608, qv_654, qv_744, qv_747, qv_75","{""layer_width"": 5, ""reduction_percent"": 0.9, ""stop_condition"": 10, ""dropout_rate"": 0.1, ""focal_gamma"": 2.0, ""focal_alpha"": 0.35, ""epochs"": 90, ""batch_size"": 32}"
100,0.7359716744621008,10,"knn_04_num_blanks, knn_12_revision_streak, knn_19_distance, knn_21_question_type_select_all_that_apply, knn_21_total_correct_attempts, knn_24_attempt_day_ratio, qv_62, qv_762, rs_14, user_stats_max_correct_streak_achieved","{""layer_width"": 1, ""reduction_percent"": 0.99, ""stop_condition"": 5, ""dropout_rate"": 0.3, ""focal_gamma"": 1.0, ""focal_alpha"": 0.25, ""epochs"": 50, ""batch_size"": 256}"
101,0.7356460879849246,10,"knn_02_question_type_true_false, knn_23_question_type_multiple_choice, knn_25_accuracy_rate, qv_180, qv_238, qv_259, qv_59, qv_606, qv_640, qv_727","{""layer_width"": 1, ""reduction_percent"": 0.99, ""stop_condition"": 5, ""dropout_rate"": 0.3, ""focal_gamma"": 1.0, ""focal_alpha"": 0.25, ""epochs"": 50, ""batch_size"": 256}"
102,0.7356454503458845,10,"knn_04_num_blanks, knn_05_question_type_multiple_choice, knn_15_accuracy_rate, knn_16_avg_react_time, qv_206, qv_427, qv_468, qv_592, qv_691, rs_7","{""layer_width"": 1, ""reduction_percent"": 0.99, ""stop_condition"": 5, ""dropout_rate"": 0.3, ""focal_gamma"": 1.0, ""focal_alpha"": 0.25, ""epochs"": 50, ""batch_size"": 256}"
103,0.735592010482051,10,"knn_02_distance, qv_296, qv_33, qv_334, qv_43, qv_563, qv_568, qv_628, qv_654, qv_736","{""layer_width"": 1, ""reduction_percent"": 0.99, ""stop_condition"": 5, ""dropout_rate"": 0.3, ""focal_gamma"": 1.0, ""focal_alpha"": 0.25, ""epochs"": 50, ""batch_size"": 256}"
104,0.7353930458197127,10,"knn_02_was_first_attempt, knn_21_was_first_attempt, qv_118, qv_170, qv_22, qv_251, qv_319, qv_674, qv_730, qv_767","{""layer_width"": 1, ""reduction_percent"": 0.99, ""stop_condition"": 5, ""dropout_rate"": 0.3, ""focal_gamma"": 1.0, ""focal_alpha"": 0.25, ""epochs"": 50, ""batch_size"": 256}"
105,0.7353817090328366,10,"knn_08_question_type_select_all_that_apply, knn_18_question_type_select_all_that_apply, knn_23_question_type_sort_order, knn_23_question_type_true_false, qv_206, qv_246, qv_266, qv_379, qv_49, qv_636","{""layer_width"": 1, ""reduction_percent"": 0.99, ""stop_condition"": 5, ""dropout_rate"": 0.3, ""focal_gamma"": 1.0, ""focal_alpha"": 0.25, ""epochs"": 50, ""batch_size"": 256}"
106,0.7352677398635354,10,"knn_01_total_correct_attempts, knn_05_total_correct_attempts, knn_16_num_mcq_options, knn_20_question_type_fill_in_the_blank, qv_0, qv_15, qv_198, qv_221, qv_247, qv_312","{""layer_width"": 1, ""reduction_percent"": 0.99, ""stop_condition"": 5, ""dropout_rate"": 0.3, ""focal_gamma"": 1.0, ""focal_alpha"": 0.25, ""epochs"": 50, ""batch_size"": 256}"
107,0.7352018751584654,10,"knn_01_question_type_sort_order, knn_03_total_correct_attempts, knn_05_distance, knn_06_question_type_sort_order, knn_14_question_type_sort_order, knn_23_question_type_sort_order, qv_235, qv_414, qv_506, qv_561","{""layer_width"": 1, ""reduction_percent"": 0.99, ""stop_condition"": 5, ""dropout_rate"": 0.3, ""focal_gamma"": 1.0, ""focal_alpha"": 0.25, ""epochs"": 50, ""batch_size"": 256}"
108,0.7347974218209328,10,"knn_02_days_since_first_introduced, knn_11_total_attempts, knn_20_num_sata_options, qv_130, qv_141, qv_164, qv_168, qv_27, qv_530, rs_6","{""layer_width"": 1, ""reduction_percent"": 0.95, ""stop_condition"": 10, ""dropout_rate"": 0.3, ""focal_gamma"": 1.0, ""focal_alpha"": 0.25, ""epochs"": 30, ""batch_size"": 128}"
109,0.7345526244115563,10,"knn_01_accuracy_rate, knn_01_question_type_sort_order, knn_01_total_incorrect_attempts, knn_10_total_correct_attempts, knn_11_question_type_fill_in_the_blank, knn_17_attempt_day_ratio, knn_18_total_incorrect_attempts, knn_22_total_incorrect_attempts, qv_648, was_first_attempt","{""layer_width"": 1, ""reduction_percent"": 0.99, ""stop_condition"": 5, ""dropout_rate"": 0.3, ""focal_gamma"": 1.0, ""focal_alpha"": 0.25, ""epochs"": 50, ""batch_size"": 256}"
110,0.7345037865673659,10,"knn_25_avg_react_time, qv_157, qv_282, qv_391, qv_421, qv_454, qv_521, qv_649, qv_701, qv_96","{""layer_width"": 1, ""reduction_percent"": 0.95, ""stop_condition"": 10, ""dropout_rate"": 0.1, ""focal_gamma"": 1.0, ""focal_alpha"": 0.1, ""epochs"": 50, ""batch_size"": 32}"
111,0.7343413955579737,10,"knn_05_num_blanks, knn_07_question_type_missing, knn_12_num_mcq_options, knn_16_num_sata_options, knn_21_accuracy_rate, qv_419, qv_476, qv_710, qv_747, qv_92","{""layer_width"": 1, ""reduction_percent"": 0.99, ""stop_condition"": 5, ""dropout_rate"": 0.3, ""focal_gamma"": 1.0, ""focal_alpha"": 0.25, ""epochs"": 50, ""batch_size"": 256}"
112,0.7339687033736854,10,"knn_02_question_type_missing, knn_03_distance, knn_08_total_attempts, qv_130, qv_168, qv_460, qv_58, qv_617, qv_89, user_stats_total_correct_attempts","{""layer_width"": 1, ""reduction_percent"": 0.95, ""stop_condition"": 10, ""dropout_rate"": 0.3, ""focal_gamma"": 1.0, ""focal_alpha"": 0.25, ""epochs"": 30, ""batch_size"": 128}"
113,0.7338188841424302,10,"knn_04_total_incorrect_attempts, knn_18_question_type_true_false, qv_141, qv_150, qv_351, qv_573, qv_67, qv_728, qv_746, user_stats_avg_reaction_time","{""layer_width"": 1, ""reduction_percent"": 0.99, ""stop_condition"": 5, ""dropout_rate"": 0.3, ""focal_gamma"": 1.0, ""focal_alpha"": 0.25, ""epochs"": 50, ""batch_size"": 256}"
114,0.7335826215489155,10,"knn_06_was_first_attempt, knn_14_num_blanks, knn_16_revision_streak, qv_359, qv_366, qv_504, qv_560, qv_719, qv_79, user_stats_today_sata_incorrect_attempts","{""layer_width"": 1, ""reduction_percent"": 0.99, ""stop_condition"": 5, ""dropout_rate"": 0.3, ""focal_gamma"": 1.0, ""focal_alpha"": 0.25, ""epochs"": 50, ""batch_size"": 256}"
115,0.7334319387367146,10,"knn_04_num_so_options, knn_22_question_type_missing, num_sata_options, qv_179, qv_243, qv_277, qv_495, qv_570, qv_61, qv_651","{""layer_width"": 1, ""reduction_percent"": 0.99, ""stop_condition"": 5, ""dropout_rate"": 0.3, ""focal_gamma"": 1.0, ""focal_alpha"": 0.25, ""epochs"": 50, ""batch_size"": 256, ""learning_rate"": 0.1, ""optimizer"": ""nadam"", ""activation"": ""relu"", ""batch_norm"": false, ""l2_regularization"": 0.0}"
116,0.7334207161291932,10,"knn_10_question_type_true_false, knn_14_num_blanks, knn_18_days_since_last_revision, qv_161, qv_197, qv_224, qv_350, qv_355, rs_6, user_stats_global_so_accuracy","{""layer_width"": 1, ""reduction_percent"": 0.99, ""stop_condition"": 5, ""dropout_rate"": 0.3, ""focal_gamma"": 1.0, ""focal_alpha"": 0.25, ""epochs"": 50, ""batch_size"": 256}"
117,0.7333357760570578,10,"knn_06_total_incorrect_attempts, knn_08_days_since_last_revision, knn_09_accuracy_rate, knn_14_num_blanks, knn_25_accuracy_rate, qv_277, qv_419, qv_437, qv_695, user_stats_total_so_correct_attempts","{""layer_width"": 1, ""reduction_percent"": 0.99, ""stop_condition"": 5, ""dropout_rate"": 0.3, ""focal_gamma"": 1.0, ""focal_alpha"": 0.25, ""epochs"": 50, ""batch_size"": 256}"
118,0.7332777939705557,10,"knn_06_num_sata_options, knn_10_was_first_attempt, knn_14_total_incorrect_attempts, knn_19_question_type_sort_order, knn_23_question_type_sort_order, knn_25_accuracy_rate, qv_15, qv_160, qv_237, qv_244","{""layer_width"": 1, ""reduction_percent"": 0.99, ""stop_condition"": 5, ""dropout_rate"": 0.3, ""focal_gamma"": 1.0, ""focal_alpha"": 0.25, ""epochs"": 50, ""batch_size"": 256}"
119,0.7332494878812208,10,"knn_04_num_so_options, knn_04_question_type_multiple_choice, knn_24_question_type_fill_in_the_blank, knn_25_question_type_fill_in_the_blank, num_blanks, qv_166, qv_17, qv_680, qv_82, user_stats_today_fitb_accuracy_rate","{""layer_width"": 1, ""reduction_percent"": 0.99, ""stop_condition"": 5, ""dropout_rate"": 0.3, ""focal_gamma"": 1.0, ""focal_alpha"": 0.25, ""epochs"": 50, ""batch_size"": 256, ""learning_rate"": 0.1, ""optimizer"": ""nadam"", ""activation"": ""relu"", ""batch_norm"": false, ""l2_regularization"": 0.0}"
120,0.7332007044821299,10,"knn_10_days_since_first_introduced, knn_14_num_blanks, knn_23_question_type_true_false, qv_170, qv_237, qv_377, qv_657, qv_684, qv_741, user_stats_today_accuracy_rate","{""layer_width"": 1, ""reduction_percent"": 0.99, ""stop_condition"": 5, ""dropout_rate"": 0.3, ""focal_gamma"": 1.0, ""focal_alpha"": 0.25, ""epochs"": 50, ""batch_size"": 256}"
121,0.7331932285626831,10,"knn_12_avg_react_time, knn_14_num_blanks, knn_22_question_type_multiple_choice, knn_23_total_correct_attempts, qv_187, qv_38, qv_405, qv_427, qv_442, qv_78","{""layer_width"": 1, ""reduction_percent"": 0.99, ""stop_condition"": 5, ""dropout_rate"": 0.3, ""focal_gamma"": 1.0, ""focal_alpha"": 0.25, ""epochs"": 50, ""batch_size"": 256}"
122,0.7330350294020197,10,"knn_06_total_incorrect_attempts, knn_21_num_so_options, qv_118, qv_217, qv_364, qv_416, qv_459, qv_463, qv_602, qv_648","{""layer_width"": 1, ""reduction_percent"": 0.99, ""stop_condition"": 5, ""dropout_rate"": 0.3, ""focal_gamma"": 1.0, ""focal_alpha"": 0.25, ""epochs"": 50, ""batch_size"": 256}"
123,0.7330290258956756,10,"knn_02_question_type_missing, knn_04_total_incorrect_attempts, knn_07_question_type_sort_order, knn_08_total_attempts, knn_17_question_type_sort_order, qv_187, qv_277, qv_522, qv_563, user_stats_max_correct_streak_achieved","{""layer_width"": 1, ""reduction_percent"": 0.99, ""stop_condition"": 5, ""dropout_rate"": 0.3, ""focal_gamma"": 1.0, ""focal_alpha"": 0.25, ""epochs"": 50, ""batch_size"": 256}"
124,0.7329404795042312,10,"knn_09_total_correct_attempts, knn_19_distance, knn_21_total_incorrect_attempts, num_so_options, qv_109, qv_130, qv_340, qv_656, qv_730, user_stats_max_correct_streak_achieved","{""layer_width"": 4, ""reduction_percent"": 0.85, ""stop_condition"": 5, ""dropout_rate"": 0.1, ""focal_gamma"": 2.0, ""focal_alpha"": 0.15, ""epochs"": 100, ""batch_size"": 128}"
125,0.7329331016217716,10,"knn_01_question_type_sort_order, knn_03_num_so_options, knn_10_question_type_sort_order, knn_17_revision_streak, qv_150, qv_196, qv_427, qv_619, qv_728, rs_8","{""layer_width"": 1, ""reduction_percent"": 0.99, ""stop_condition"": 5, ""dropout_rate"": 0.3, ""focal_gamma"": 1.0, ""focal_alpha"": 0.25, ""epochs"": 50, ""batch_size"": 256}"
126,0.7328433772985847,10,"knn_13_question_type_missing, knn_20_question_type_fill_in_the_blank, question_type_select_all_that_apply, qv_16, qv_286, qv_412, qv_653, qv_95, user_stats_today_sata_accuracy_rate, user_stats_total_mcq_incorrrect_attempts","{""layer_width"": 1, ""reduction_percent"": 0.99, ""stop_condition"": 5, ""dropout_rate"": 0.3, ""focal_gamma"": 1.0, ""focal_alpha"": 0.25, ""epochs"": 50, ""batch_size"": 256}"
127,0.7328235346926228,10,"days_since_first_introduced, knn_04_accuracy_rate, knn_13_question_type_missing, knn_21_question_type_multiple_choice, qv_11, qv_150, qv_235, qv_732, user_stats_today_sata_incorrect_attempts, user_stats_today_so_incorrect_attempts","{""layer_width"": 1, ""reduction_percent"": 0.99, ""stop_condition"": 5, ""dropout_rate"": 0.3, ""focal_gamma"": 1.0, ""focal_alpha"": 0.25, ""epochs"": 50, ""batch_size"": 256}"
128,0.7325861704033236,10,"knn_03_avg_react_time, knn_05_num_blanks, knn_06_was_first_attempt, knn_14_question_type_missing, qv_203, qv_414, qv_434, qv_6, qv_610, qv_99","{""layer_width"": 1, ""reduction_percent"": 0.99, ""stop_condition"": 5, ""dropout_rate"": 0.3, ""focal_gamma"": 1.0, ""focal_alpha"": 0.25, ""epochs"": 50, ""batch_size"": 256}"
129,0.7323850980275712,10,"knn_07_question_type_missing, knn_08_total_correct_attempts, knn_13_question_type_true_false, knn_14_num_blanks, knn_16_total_correct_attempts, qv_200, qv_239, qv_325, qv_406, user_stats_total_tf_attempts","{""layer_width"": 1, ""reduction_percent"": 0.99, ""stop_condition"": 5, ""dropout_rate"": 0.3, ""focal_gamma"": 1.0, ""focal_alpha"": 0.25, ""epochs"": 50, ""batch_size"": 256}"
130,0.7322487531936784,10,"knn_04_question_type_fill_in_the_blank, qv_113, qv_118, qv_150, qv_419, qv_587, qv_600, qv_644, rs_3, user_stats_global_so_accuracy","{""layer_width"": 1, ""reduction_percent"": 0.99, ""stop_condition"": 5, ""dropout_rate"": 0.3, ""focal_gamma"": 1.0, ""focal_alpha"": 0.25, ""epochs"": 50, ""batch_size"": 256}"
131,0.7322455755347075,10,"knn_05_num_blanks, knn_17_question_type_missing, knn_24_question_type_true_false, qv_393, qv_55, qv_555, qv_569, qv_629, rs_15, total_incorrect_attempts","{""layer_width"": 1, ""reduction_percent"": 0.99, ""stop_condition"": 5, ""dropout_rate"": 0.3, ""focal_gamma"": 1.0, ""focal_alpha"": 0.25, ""epochs"": 50, ""batch_size"": 256}"
132,0.7321041572170778,10,"knn_04_num_blanks, knn_06_total_incorrect_attempts, knn_11_question_type_sort_order, knn_25_question_type_multiple_choice, qv_169, qv_180, qv_280, qv_579, qv_660, user_stats_today_tf_accuracy_rate","{""layer_width"": 1, ""reduction_percent"": 0.99, ""stop_condition"": 5, ""dropout_rate"": 0.3, ""focal_gamma"": 1.0, ""focal_alpha"": 0.25, ""epochs"": 50, ""batch_size"": 256}"
133,0.7319422686857832,10,"knn_01_question_type_sort_order, knn_06_question_type_missing, knn_07_revision_streak, knn_08_num_so_options, qv_128, qv_180, qv_22, qv_247, qv_401, qv_719","{""layer_width"": 1, ""reduction_percent"": 0.99, ""stop_condition"": 5, ""dropout_rate"": 0.3, ""focal_gamma"": 1.0, ""focal_alpha"": 0.25, ""epochs"": 50, ""batch_size"": 256}"
134,0.7316842180041536,10,"knn_05_accuracy_rate, knn_25_num_blanks, qv_394, qv_56, qv_576, qv_616, qv_694, qv_746, qv_762, qv_98","{""layer_width"": 1, ""reduction_percent"": 0.99, ""stop_condition"": 5, ""dropout_rate"": 0.3, ""focal_gamma"": 1.0, ""focal_alpha"": 0.25, ""epochs"": 50, ""batch_size"": 256, ""learning_rate"": 0.1, ""optimizer"": ""nadam"", ""activation"": ""relu"", ""batch_norm"": false, ""l2_regularization"": 0.0}"
135,0.731648193133508,10,"knn_08_question_type_true_false, knn_10_question_type_fill_in_the_blank, knn_21_question_type_sort_order, qv_12, qv_136, qv_187, qv_334, qv_492, qv_506, user_stats_today_sata_incorrect_attempts","{""layer_width"": 1, ""reduction_percent"": 0.99, ""stop_condition"": 5, ""dropout_rate"": 0.3, ""focal_gamma"": 1.0, ""focal_alpha"": 0.25, ""epochs"": 50, ""batch_size"": 256}"
136,0.7316145082151525,10,"knn_04_num_blanks, knn_10_distance, knn_10_num_mcq_options, knn_10_revision_streak, knn_25_days_since_last_revision, num_mcq_options, qv_419, qv_526, qv_673, rs_5","{""layer_width"": 1, ""reduction_percent"": 0.99, ""stop_condition"": 5, ""dropout_rate"": 0.3, ""focal_gamma"": 1.0, ""focal_alpha"": 0.25, ""epochs"": 50, ""batch_size"": 256}"
137,0.7315267189427712,10,"knn_03_days_since_first_introduced, knn_04_num_blanks, knn_08_question_type_missing, knn_09_question_type_multiple_choice, knn_13_total_incorrect_attempts, qv_173, qv_570, qv_571, qv_633, user_stats_total_sata_attempts","{""layer_width"": 1, ""reduction_percent"": 0.99, ""stop_condition"": 5, ""dropout_rate"": 0.3, ""focal_gamma"": 1.0, ""focal_alpha"": 0.25, ""epochs"": 50, ""batch_size"": 256}"
138,0.7308014020853155,10,"knn_04_total_incorrect_attempts, knn_11_distance, knn_13_num_sata_options, knn_22_question_type_select_all_that_apply, qv_105, qv_494, qv_660, qv_760, qv_77, qv_8","{""layer_width"": 1, ""reduction_percent"": 0.99, ""stop_condition"": 5, ""dropout_rate"": 0.3, ""focal_gamma"": 1.0, ""focal_alpha"": 0.25, ""epochs"": 50, ""batch_size"": 256}"
139,0.7306115810259644,10,"knn_04_question_type_fill_in_the_blank, knn_08_accuracy_rate, knn_14_question_type_select_all_that_apply, knn_15_num_mcq_options, knn_16_total_attempts, knn_21_revision_streak, qv_500, qv_591, qv_635, rs_8","{""layer_width"": 1, ""reduction_percent"": 0.99, ""stop_condition"": 5, ""dropout_rate"": 0.3, ""focal_gamma"": 1.0, ""focal_alpha"": 0.25, ""epochs"": 50, ""batch_size"": 256}"
140,0.7306010291832699,10,"knn_06_accuracy_rate, qv_105, qv_118, qv_139, qv_222, qv_232, qv_445, qv_520, qv_58, qv_640","{""layer_width"": 1, ""reduction_percent"": 0.99, ""stop_condition"": 5, ""dropout_rate"": 0.3, ""focal_gamma"": 1.0, ""focal_alpha"": 0.25, ""epochs"": 50, ""batch_size"": 256}"
141,0.7305407295759909,10,"knn_08_num_sata_options, knn_18_revision_streak, knn_25_question_type_missing, qv_472, qv_477, qv_501, qv_569, qv_613, qv_635, qv_642","{""layer_width"": 1, ""reduction_percent"": 0.99, ""stop_condition"": 5, ""dropout_rate"": 0.3, ""focal_gamma"": 1.0, ""focal_alpha"": 0.25, ""epochs"": 50, ""batch_size"": 256}"
142,0.7305311473979911,10,"knn_04_num_blanks, knn_16_question_type_select_all_that_apply, knn_20_question_type_sort_order, knn_20_revision_streak, knn_22_question_type_missing, qv_179, qv_223, qv_499, qv_554, qv_625","{""layer_width"": 1, ""reduction_percent"": 0.99, ""stop_condition"": 5, ""dropout_rate"": 0.3, ""focal_gamma"": 1.0, ""focal_alpha"": 0.25, ""epochs"": 50, ""batch_size"": 256}"
143,0.7305286057878898,10,"knn_07_question_type_sort_order, knn_14_distance, knn_14_num_blanks, knn_14_question_type_fill_in_the_blank, knn_23_num_so_options, qv_124, qv_339, qv_414, qv_574, rs_8","{""layer_width"": 1, ""reduction_percent"": 0.99, ""stop_condition"": 5, ""dropout_rate"": 0.3, ""focal_gamma"": 1.0, ""focal_alpha"": 0.25, ""epochs"": 50, ""batch_size"": 256}"
144,0.730391333965878,10,"knn_08_question_type_multiple_choice, knn_20_num_mcq_options, question_type_fill_in_the_blank, qv_105, qv_130, qv_224, qv_30, qv_350, qv_537, qv_758","{""layer_width"": 1, ""reduction_percent"": 0.95, ""stop_condition"": 10, ""dropout_rate"": 0.3, ""focal_gamma"": 1.0, ""focal_alpha"": 0.25, ""epochs"": 30, ""batch_size"": 128}"
145,0.7303759844290355,10,"knn_09_distance, knn_20_question_type_fill_in_the_blank, qv_120, qv_229, qv_477, qv_51, qv_60, qv_709, rs_9, user_stats_total_tf_correct_attempts","{""layer_width"": 1, ""reduction_percent"": 0.99, ""stop_condition"": 5, ""dropout_rate"": 0.3, ""focal_gamma"": 1.0, ""focal_alpha"": 0.25, ""epochs"": 50, ""batch_size"": 256}"
146,0.730304529310464,10,"knn_02_total_attempts, knn_10_question_type_missing, knn_15_distance, knn_15_question_type_multiple_choice, knn_20_question_type_fill_in_the_blank, qv_290, qv_478, qv_55, qv_646, qv_757","{""layer_width"": 1, ""reduction_percent"": 0.99, ""stop_condition"": 5, ""dropout_rate"": 0.3, ""focal_gamma"": 1.0, ""focal_alpha"": 0.25, ""epochs"": 50, ""batch_size"": 256}"
147,0.730284640406579,10,"knn_04_num_sata_options, knn_20_question_type_fill_in_the_blank, knn_24_was_first_attempt, qv_177, qv_199, qv_472, qv_493, qv_702, qv_85, user_stats_consecutive_incorrect_streak","{""layer_width"": 1, ""reduction_percent"": 0.99, ""stop_condition"": 5, ""dropout_rate"": 0.3, ""focal_gamma"": 1.0, ""focal_alpha"": 0.25, ""epochs"": 50, ""batch_size"": 256}"
148,0.7302502071198481,10,"knn_06_days_since_first_introduced, knn_10_was_first_attempt, knn_17_num_so_options, knn_19_avg_react_time, qv_118, qv_130, qv_240, qv_288, qv_45, qv_606","{""layer_width"": 1, ""reduction_percent"": 0.95, ""stop_condition"": 10, ""dropout_rate"": 0.3, ""focal_gamma"": 1.0, ""focal_alpha"": 0.25, ""epochs"": 30, ""batch_size"": 128}"
149,0.7302425294147695,10,"knn_21_num_mcq_options, qv_105, qv_130, qv_246, qv_260, qv_35, qv_459, qv_526, qv_642, user_stats_total_so_attempts","{""layer_width"": 1, ""reduction_percent"": 0.85, ""stop_condition"": 10, ""dropout_rate"": 0.1, ""focal_gamma"": 2.0, ""focal_alpha"": 0.15, ""epochs"": 30, ""batch_size"": 128}"
150,0.730212482473535,10,"knn_02_days_since_first_introduced, knn_08_num_blanks, knn_21_num_blanks, knn_22_total_correct_attempts, qv_293, qv_334, qv_533, qv_562, qv_582, user_stats_today_mcq_accuracy_rate","{""layer_width"": 1, ""reduction_percent"": 0.99, ""stop_condition"": 5, ""dropout_rate"": 0.3, ""focal_gamma"": 1.0, ""focal_alpha"": 0.25, ""epochs"": 50, ""batch_size"": 256}"
151,0.7301445686007414,10,"knn_01_attempt_day_ratio, knn_04_total_incorrect_attempts, knn_13_total_incorrect_attempts, knn_17_accuracy_rate, qv_321, qv_342, qv_41, qv_630, qv_663, user_stats_total_mcq_correct_attempts","{""layer_width"": 1, ""reduction_percent"": 0.99, ""stop_condition"": 5, ""dropout_rate"": 0.3, ""focal_gamma"": 1.0, ""focal_alpha"": 0.25, ""epochs"": 50, ""batch_size"": 256}"
152,0.7301344192799747,10,"knn_22_total_incorrect_attempts, qv_167, qv_173, qv_374, qv_42, qv_598, qv_635, qv_678, user_stats_max_correct_streak_achieved, user_stats_total_so_correct_attempts","{""layer_width"": 1, ""reduction_percent"": 0.99, ""stop_condition"": 5, ""dropout_rate"": 0.3, ""focal_gamma"": 1.0, ""focal_alpha"": 0.25, ""epochs"": 50, ""batch_size"": 256}"
153,0.7300100626644094,10,"knn_01_total_correct_attempts, knn_07_total_correct_attempts, knn_13_question_type_missing, knn_25_accuracy_rate, qv_210, qv_229, qv_309, qv_384, qv_385, qv_694","{""layer_width"": 1, ""reduction_percent"": 0.99, ""stop_condition"": 5, ""dropout_rate"": 0.3, ""focal_gamma"": 1.0, ""focal_alpha"": 0.25, ""epochs"": 50, ""batch_size"": 256}"
154,0.7299247279292475,10,"knn_04_num_blanks, knn_05_revision_streak, knn_05_was_first_attempt, knn_07_question_type_fill_in_the_blank, knn_07_total_attempts, qv_142, qv_337, qv_752, qv_764, user_stats_total_tf_incorrrect_attempts","{""layer_width"": 1, ""reduction_percent"": 0.99, ""stop_condition"": 5, ""dropout_rate"": 0.3, ""focal_gamma"": 1.0, ""focal_alpha"": 0.25, ""epochs"": 50, ""batch_size"": 256}"
155,0.7296412171990888,10,"knn_04_num_blanks, knn_15_revision_streak, knn_25_attempt_day_ratio, qv_269, qv_295, qv_433, qv_632, qv_636, qv_725, user_stats_avg_reaction_time","{""layer_width"": 1, ""reduction_percent"": 0.99, ""stop_condition"": 5, ""dropout_rate"": 0.3, ""focal_gamma"": 1.0, ""focal_alpha"": 0.25, ""epochs"": 50, ""batch_size"": 256}"
156,0.7290314036205738,10,"knn_01_question_type_missing, knn_07_num_sata_options, knn_07_total_correct_attempts, knn_13_total_incorrect_attempts, knn_18_distance, knn_25_question_type_true_false, qv_248, qv_442, qv_58, qv_729","{""layer_width"": 1, ""reduction_percent"": 0.99, ""stop_condition"": 5, ""dropout_rate"": 0.3, ""focal_gamma"": 1.0, ""focal_alpha"": 0.25, ""epochs"": 50, ""batch_size"": 256}"
157,0.728899236418066,10,"knn_04_revision_streak, knn_11_num_sata_options, knn_17_question_type_select_all_that_apply, knn_21_num_mcq_options, knn_25_accuracy_rate, qv_54, qv_59, qv_679, qv_751, rs_15","{""layer_width"": 1, ""reduction_percent"": 0.99, ""stop_condition"": 5, ""dropout_rate"": 0.3, ""focal_gamma"": 1.0, ""focal_alpha"": 0.25, ""epochs"": 50, ""batch_size"": 256}"
158,0.7287670131816257,10,"knn_01_was_first_attempt, knn_04_num_so_options, knn_09_accuracy_rate, knn_15_total_correct_attempts, knn_16_num_mcq_options, question_type_true_false, qv_516, qv_539, qv_744, qv_765","{""layer_width"": 1, ""reduction_percent"": 0.99, ""stop_condition"": 5, ""dropout_rate"": 0.3, ""focal_gamma"": 1.0, ""focal_alpha"": 0.25, ""epochs"": 50, ""batch_size"": 256, ""learning_rate"": 0.1, ""optimizer"": ""nadam"", ""activation"": ""relu"", ""batch_norm"": false, ""l2_regularization"": 0.0}"
159,0.7286975670586641,10,"knn_01_question_type_sort_order, knn_13_question_type_missing, qv_112, qv_219, qv_384, qv_463, qv_620, qv_727, qv_730, qv_88","{""layer_width"": 1, ""reduction_percent"": 0.99, ""stop_condition"": 5, ""dropout_rate"": 0.3, ""focal_gamma"": 1.0, ""focal_alpha"": 0.25, ""epochs"": 50, ""batch_size"": 256}"
160,0.7286578703369965,10,"qv_100, qv_237, qv_266, qv_454, qv_547, qv_602, qv_614, qv_735, user_stats_today_mcq_correct_attempts, user_stats_today_mcq_total_attempts","{""layer_width"": 5, ""reduction_percent"": 0.9, ""stop_condition"": 10, ""dropout_rate"": 0.1, ""focal_gamma"": 2.0, ""focal_alpha"": 0.35, ""epochs"": 90, ""batch_size"": 32}"
161,0.728645629978358,10,"knn_05_question_type_true_false, knn_10_accuracy_rate, knn_20_question_type_missing, qv_118, qv_240, qv_256, qv_363, qv_418, qv_444, user_stats_today_fitb_total_attempts","{""layer_width"": 1, ""reduction_percent"": 0.99, ""stop_condition"": 5, ""dropout_rate"": 0.3, ""focal_gamma"": 1.0, ""focal_alpha"": 0.25, ""epochs"": 50, ""batch_size"": 256}"
162,0.7285857856201983,10,"knn_04_num_so_options, knn_05_num_blanks, knn_17_distance, knn_19_num_sata_options, qv_155, qv_205, qv_213, qv_520, qv_541, qv_603","{""layer_width"": 1, ""reduction_percent"": 0.99, ""stop_condition"": 5, ""dropout_rate"": 0.3, ""focal_gamma"": 1.0, ""focal_alpha"": 0.25, ""epochs"": 50, ""batch_size"": 256}"
163,0.7284546096066138,10,"knn_10_total_correct_attempts, knn_12_revision_streak, knn_22_num_mcq_options, knn_24_total_correct_attempts, qv_386, qv_442, qv_5, qv_567, qv_687, qv_92","{""layer_width"": 1, ""reduction_percent"": 0.99, ""stop_condition"": 5, ""dropout_rate"": 0.3, ""focal_gamma"": 1.0, ""focal_alpha"": 0.25, ""epochs"": 50, ""batch_size"": 256}"
164,0.7284105706141983,10,"knn_11_question_type_select_all_that_apply, knn_12_num_mcq_options, knn_20_total_incorrect_attempts, qv_143, qv_157, qv_29, qv_329, qv_342, qv_483, qv_580","{""layer_width"": 1, ""reduction_percent"": 0.95, ""stop_condition"": 10, ""dropout_rate"": 0.1, ""focal_gamma"": 1.0, ""focal_alpha"": 0.1, ""epochs"": 50, ""batch_size"": 32}"
165,0.7283175543716691,10,"knn_09_question_type_missing, qv_144, qv_302, qv_313, qv_334, qv_350, qv_413, qv_416, qv_453, qv_759","{""layer_width"": 1, ""reduction_percent"": 0.99, ""stop_condition"": 5, ""dropout_rate"": 0.3, ""focal_gamma"": 1.0, ""focal_alpha"": 0.25, ""epochs"": 50, ""batch_size"": 256}"
166,0.7282331145530413,10,"knn_01_question_type_sort_order, knn_09_accuracy_rate, knn_09_question_type_multiple_choice, knn_18_num_blanks, knn_20_days_since_first_introduced, qv_2, qv_272, qv_420, qv_444, rs_7","{""layer_width"": 1, ""reduction_percent"": 0.99, ""stop_condition"": 5, ""dropout_rate"": 0.3, ""focal_gamma"": 1.0, ""focal_alpha"": 0.25, ""epochs"": 50, ""batch_size"": 256}"
167,0.7279763068213909,10,"qv_114, qv_129, qv_191, qv_318, qv_337, qv_557, qv_659, qv_711, rs_8, user_stats_today_so_accuracy_rate","{""layer_width"": 1, ""reduction_percent"": 0.99, ""stop_condition"": 5, ""dropout_rate"": 0.3, ""focal_gamma"": 1.0, ""focal_alpha"": 0.25, ""epochs"": 50, ""batch_size"": 256}"
168,0.7278513485178708,10,"knn_11_days_since_first_introduced, knn_14_distance, qv_255, qv_314, qv_366, qv_433, qv_521, qv_701, qv_716, user_stats_today_so_correct_attempts","{""layer_width"": 1, ""reduction_percent"": 0.99, ""stop_condition"": 5, ""dropout_rate"": 0.3, ""focal_gamma"": 1.0, ""focal_alpha"": 0.25, ""epochs"": 50, ""batch_size"": 256, ""learning_rate"": 0.1, ""optimizer"": ""nadam"", ""activation"": ""relu"", ""batch_norm"": false, ""l2_regularization"": 0.0}"
169,0.7277795497842268,10,"knn_04_num_so_options, knn_10_total_attempts, knn_25_question_type_missing, qv_167, qv_187, qv_198, qv_222, qv_339, qv_48, qv_53","{""layer_width"": 1, ""reduction_percent"": 0.99, ""stop_condition"": 5, ""dropout_rate"": 0.3, ""focal_gamma"": 1.0, ""focal_alpha"": 0.25, ""epochs"": 50, ""batch_size"": 256, ""learning_rate"": 0.1, ""optimizer"": ""nadam"", ""activation"": ""relu"", ""batch_norm"": false, ""l2_regularization"": 0.0}"
170,0.7277211472176991,10,"knn_20_question_type_missing, knn_23_num_so_options, knn_24_total_incorrect_attempts, qv_118, qv_268, qv_33, qv_477, qv_505, qv_521, qv_586","{""layer_width"": 1, ""reduction_percent"": 0.99, ""stop_condition"": 5, ""dropout_rate"": 0.3, ""focal_gamma"": 1.0, ""focal_alpha"": 0.25, ""epochs"": 50, ""batch_size"": 256}"
171,0.7277147314920249,10,"knn_13_accuracy_rate, knn_19_num_so_options, qv_351, qv_459, qv_519, qv_611, qv_636, qv_649, qv_653, qv_764","{""layer_width"": 1, ""reduction_percent"": 0.95, ""stop_condition"": 10, ""dropout_rate"": 0.1, ""focal_gamma"": 1.0, ""focal_alpha"": 0.1, ""epochs"": 50, ""batch_size"": 32}"
172,0.7276238597547967,10,"knn_01_total_correct_attempts, knn_06_distance, knn_08_days_since_first_introduced, knn_14_num_blanks, knn_18_total_incorrect_attempts, knn_25_total_correct_attempts, question_type_select_all_that_apply, qv_302, qv_394, qv_633","{""layer_width"": 1, ""reduction_percent"": 0.99, ""stop_condition"": 5, ""dropout_rate"": 0.3, ""focal_gamma"": 1.0, ""focal_alpha"": 0.25, ""epochs"": 50, ""batch_size"": 256}"
173,0.7275939150096425,10,"knn_20_question_type_fill_in_the_blank, knn_21_num_mcq_options, qv_257, qv_259, qv_438, qv_457, qv_478, qv_479, qv_637, rs_5","{""layer_width"": 1, ""reduction_percent"": 0.99, ""stop_condition"": 5, ""dropout_rate"": 0.3, ""focal_gamma"": 1.0, ""focal_alpha"": 0.25, ""epochs"": 50, ""batch_size"": 256}"
174,0.7274704166286928,10,"knn_23_num_mcq_options, qv_114, qv_130, qv_2, qv_203, qv_401, qv_414, qv_470, qv_502, qv_622","{""layer_width"": 5, ""reduction_percent"": 0.9, ""stop_condition"": 10, ""dropout_rate"": 0.1, ""focal_gamma"": 2.0, ""focal_alpha"": 0.35, ""epochs"": 90, ""batch_size"": 32}"
175,0.7274116352632587,10,"knn_09_num_mcq_options, knn_12_was_first_attempt, qv_111, qv_288, qv_441, qv_483, qv_492, qv_563, qv_625, qv_635","{""layer_width"": 1, ""reduction_percent"": 0.99, ""stop_condition"": 5, ""dropout_rate"": 0.3, ""focal_gamma"": 1.0, ""focal_alpha"": 0.25, ""epochs"": 50, ""batch_size"": 256}"
176,0.7274059440160442,10,"knn_04_num_blanks, knn_10_question_type_select_all_that_apply, knn_13_question_type_sort_order, num_sata_options, qv_15, qv_194, qv_252, qv_382, qv_437, qv_659","{""layer_width"": 1, ""reduction_percent"": 0.99, ""stop_condition"": 5, ""dropout_rate"": 0.3, ""focal_gamma"": 1.0, ""focal_alpha"": 0.25, ""epochs"": 50, ""batch_size"": 256}"
177,0.7273970823662035,10,"knn_01_question_type_select_all_that_apply, knn_14_accuracy_rate, qv_164, qv_528, qv_635, qv_640, qv_642, qv_765, qv_77, user_stats_global_tf_accuracy","{""layer_width"": 1, ""reduction_percent"": 0.99, ""stop_condition"": 5, ""dropout_rate"": 0.3, ""focal_gamma"": 1.0, ""focal_alpha"": 0.25, ""epochs"": 50, ""batch_size"": 256}"
178,0.7273596206397507,10,"knn_04_question_type_multiple_choice, knn_06_was_first_attempt, knn_19_question_type_select_all_that_apply, qv_32, qv_374, qv_520, qv_58, qv_762, rs_12, user_stats_total_so_incorrrect_attempts","{""layer_width"": 1, ""reduction_percent"": 0.95, ""stop_condition"": 10, ""dropout_rate"": 0.1, ""focal_gamma"": 1.0, ""focal_alpha"": 0.1, ""epochs"": 50, ""batch_size"": 32}"
179,0.7273452268890127,10,"knn_05_distance, knn_13_question_type_fill_in_the_blank, knn_19_question_type_true_false, knn_25_accuracy_rate, qv_171, qv_265, qv_311, qv_353, qv_560, rs_7","{""layer_width"": 1, ""reduction_percent"": 0.99, ""stop_condition"": 5, ""dropout_rate"": 0.3, ""focal_gamma"": 1.0, ""focal_alpha"": 0.25, ""epochs"": 50, ""batch_size"": 256}"
180,0.7273034259916061,10,"knn_03_was_first_attempt, knn_04_question_type_select_all_that_apply, knn_06_total_correct_attempts, qv_10, qv_235, qv_292, qv_396, qv_442, qv_525, qv_8","{""layer_width"": 1, ""reduction_percent"": 0.99, ""stop_condition"": 5, ""dropout_rate"": 0.3, ""focal_gamma"": 1.0, ""focal_alpha"": 0.25, ""epochs"": 50, ""batch_size"": 256}"
181,0.7271203071078735,10,"knn_05_question_type_multiple_choice, knn_17_total_correct_attempts, qv_138, qv_142, qv_255, qv_334, qv_341, qv_5, qv_675, qv_99","{""layer_width"": 1, ""reduction_percent"": 0.99, ""stop_condition"": 5, ""dropout_rate"": 0.3, ""focal_gamma"": 1.0, ""focal_alpha"": 0.25, ""epochs"": 50, ""batch_size"": 256}"
182,0.7270989937635467,10,"knn_01_num_sata_options, knn_01_question_type_multiple_choice, knn_03_avg_react_time, knn_23_was_first_attempt, qv_395, qv_414, qv_616, qv_653, user_stats_today_tf_accuracy_rate, user_stats_total_tf_incorrrect_attempts","{""layer_width"": 1, ""reduction_percent"": 0.99, ""stop_condition"": 5, ""dropout_rate"": 0.3, ""focal_gamma"": 1.0, ""focal_alpha"": 0.25, ""epochs"": 50, ""batch_size"": 256}"
183,0.7270939306947921,10,"num_mcq_options, qv_130, qv_224, qv_247, qv_306, qv_392, qv_578, qv_731, user_stats_total_fitb_incorrrect_attempts, user_stats_total_so_attempts","{""layer_width"": 1, ""reduction_percent"": 0.85, ""stop_condition"": 10, ""dropout_rate"": 0.1, ""focal_gamma"": 2.0, ""focal_alpha"": 0.15, ""epochs"": 30, ""batch_size"": 128}"
184,0.7270252329345147,10,"knn_04_total_incorrect_attempts, knn_17_days_since_first_introduced, knn_25_total_correct_attempts, qv_263, qv_267, qv_4, qv_467, qv_582, user_stats_avg_reaction_time, user_stats_total_tf_correct_attempts","{""layer_width"": 1, ""reduction_percent"": 0.99, ""stop_condition"": 5, ""dropout_rate"": 0.3, ""focal_gamma"": 1.0, ""focal_alpha"": 0.25, ""epochs"": 50, ""batch_size"": 256}"
185,0.7270185058041347,10,"knn_04_total_incorrect_attempts, knn_09_num_so_options, knn_19_avg_react_time, knn_22_question_type_missing, qv_145, qv_261, qv_321, qv_48, qv_730, user_stats_total_sata_attempts","{""layer_width"": 1, ""reduction_percent"": 0.99, ""stop_condition"": 5, ""dropout_rate"": 0.3, ""focal_gamma"": 1.0, ""focal_alpha"": 0.25, ""epochs"": 50, ""batch_size"": 256}"
186,0.7270027689498755,10,"knn_04_num_blanks, knn_12_question_type_true_false, knn_13_num_blanks, knn_22_total_incorrect_attempts, knn_23_total_correct_attempts, qv_235, qv_279, qv_69, qv_96, user_stats_today_mcq_accuracy_rate","{""layer_width"": 1, ""reduction_percent"": 0.99, ""stop_condition"": 5, ""dropout_rate"": 0.3, ""focal_gamma"": 1.0, ""focal_alpha"": 0.25, ""epochs"": 50, ""batch_size"": 256}"
187,0.7269676431375348,10,"knn_08_num_so_options, knn_25_was_first_attempt, qv_118, qv_219, qv_311, qv_378, qv_423, qv_424, qv_428, qv_737","{""layer_width"": 1, ""reduction_percent"": 0.99, ""stop_condition"": 5, ""dropout_rate"": 0.3, ""focal_gamma"": 1.0, ""focal_alpha"": 0.25, ""epochs"": 50, ""batch_size"": 256}"
188,0.7268479008115916,10,"knn_04_num_so_options, knn_15_total_correct_attempts, knn_18_revision_streak, knn_20_total_attempts, knn_24_question_type_missing, knn_24_was_first_attempt, qv_205, qv_327, qv_435, qv_662","{""layer_width"": 1, ""reduction_percent"": 0.99, ""stop_condition"": 5, ""dropout_rate"": 0.3, ""focal_gamma"": 1.0, ""focal_alpha"": 0.25, ""epochs"": 50, ""batch_size"": 256, ""learning_rate"": 0.1, ""optimizer"": ""nadam"", ""activation"": ""relu"", ""batch_norm"": false, ""l2_regularization"": 0.0}"
189,0.7268280021277764,10,"knn_02_total_incorrect_attempts, knn_08_question_type_select_all_that_apply, knn_17_question_type_select_all_that_apply, qv_350, qv_407, qv_456, qv_461, qv_587, qv_601, qv_747","{""layer_width"": 1, ""reduction_percent"": 0.99, ""stop_condition"": 5, ""dropout_rate"": 0.3, ""focal_gamma"": 1.0, ""focal_alpha"": 0.25, ""epochs"": 50, ""batch_size"": 256}"
190,0.7267701388672786,10,"knn_07_distance, knn_08_days_since_first_introduced, qv_213, qv_334, qv_501, qv_573, qv_58, qv_688, qv_696, user_stats_today_so_correct_attempts","{""layer_width"": 1, ""reduction_percent"": 0.99, ""stop_condition"": 5, ""dropout_rate"": 0.3, ""focal_gamma"": 1.0, ""focal_alpha"": 0.25, ""epochs"": 50, ""batch_size"": 256}"
191,0.7267506190481049,10,"knn_07_days_since_last_revision, knn_14_num_blanks, knn_14_was_first_attempt, knn_23_question_type_select_all_that_apply, qv_265, qv_296, qv_463, qv_621, qv_716, qv_741","{""layer_width"": 1, ""reduction_percent"": 0.99, ""stop_condition"": 5, ""dropout_rate"": 0.3, ""focal_gamma"": 1.0, ""focal_alpha"": 0.25, ""epochs"": 50, ""batch_size"": 256}"
192,0.7267162498253747,10,"knn_01_question_type_fill_in_the_blank, knn_04_num_mcq_options, num_sata_options, qv_334, qv_468, qv_635, qv_649, qv_68, qv_705, qv_717","{""layer_width"": 1, ""reduction_percent"": 0.99, ""stop_condition"": 5, ""dropout_rate"": 0.3, ""focal_gamma"": 1.0, ""focal_alpha"": 0.25, ""epochs"": 50, ""batch_size"": 256}"
193,0.726713088987959,10,"knn_04_total_incorrect_attempts, knn_07_was_first_attempt, knn_13_num_so_options, knn_25_question_type_fill_in_the_blank, qv_167, qv_169, qv_259, qv_674, qv_677, qv_745","{""layer_width"": 1, ""reduction_percent"": 0.99, ""stop_condition"": 5, ""dropout_rate"": 0.3, ""focal_gamma"": 1.0, ""focal_alpha"": 0.25, ""epochs"": 50, ""batch_size"": 256}"
194,0.7267111464420132,10,"knn_18_total_attempts, knn_21_num_mcq_options, qv_130, qv_251, qv_302, qv_343, qv_464, qv_479, qv_630, rs_5","{""layer_width"": 1, ""reduction_percent"": 0.95, ""stop_condition"": 10, ""dropout_rate"": 0.3, ""focal_gamma"": 1.0, ""focal_alpha"": 0.25, ""epochs"": 30, ""batch_size"": 128}"
195,0.7265180764685195,10,"qv_275, qv_278, qv_315, qv_332, qv_334, qv_530, qv_689, qv_730, qv_767, qv_94","{""layer_width"": 1, ""reduction_percent"": 0.99, ""stop_condition"": 5, ""dropout_rate"": 0.3, ""focal_gamma"": 1.0, ""focal_alpha"": 0.25, ""epochs"": 50, ""batch_size"": 256}"
196,0.7264622805127341,10,"knn_09_days_since_last_revision, knn_10_total_correct_attempts, qv_120, qv_148, qv_419, qv_565, qv_635, qv_64, qv_8, user_stats_today_so_accuracy_rate","{""layer_width"": 1, ""reduction_percent"": 0.99, ""stop_condition"": 5, ""dropout_rate"": 0.3, ""focal_gamma"": 1.0, ""focal_alpha"": 0.25, ""epochs"": 50, ""batch_size"": 256}"
197,0.7264341806577758,10,"knn_05_num_blanks, knn_09_question_type_multiple_choice, knn_22_question_type_sort_order, qv_222, qv_365, qv_463, qv_527, qv_568, qv_619, qv_725","{""layer_width"": 1, ""reduction_percent"": 0.99, ""stop_condition"": 5, ""dropout_rate"": 0.3, ""focal_gamma"": 1.0, ""focal_alpha"": 0.25, ""epochs"": 50, ""batch_size"": 256}"
198,0.7263538221145753,10,"knn_17_total_attempts, knn_21_total_correct_attempts, knn_24_total_correct_attempts, qv_202, qv_336, qv_408, qv_550, qv_556, qv_569, user_stats_total_sata_attempts","{""layer_width"": 1, ""reduction_percent"": 0.99, ""stop_condition"": 5, ""dropout_rate"": 0.3, ""focal_gamma"": 1.0, ""focal_alpha"": 0.25, ""epochs"": 50, ""batch_size"": 256}"
199,0.7261553097491632,10,"knn_03_attempt_day_ratio, knn_12_question_type_fill_in_the_blank, knn_19_distance, qv_193, qv_24, qv_356, qv_384, qv_419, qv_442, qv_535","{""layer_width"": 1, ""reduction_percent"": 0.99, ""stop_condition"": 5, ""dropout_rate"": 0.3, ""focal_gamma"": 1.0, ""focal_alpha"": 0.25, ""epochs"": 50, ""batch_size"": 256}"
200,0.7260704193067201,10,"knn_09_question_type_missing, knn_15_num_blanks, knn_25_was_first_attempt, qv_142, qv_179, qv_198, qv_237, qv_474, qv_592, rs_14","{""layer_width"": 1, ""reduction_percent"": 0.95, ""stop_condition"": 10, ""dropout_rate"": 0.3, ""focal_gamma"": 1.0, ""focal_alpha"": 0.25, ""epochs"": 30, ""batch_size"": 128}"
201,0.7259653000055282,10,"knn_02_total_attempts, knn_13_total_correct_attempts, knn_22_distance, knn_24_num_so_options, qv_238, qv_318, qv_468, qv_608, qv_61, rs_4","{""layer_width"": 1, ""reduction_percent"": 0.99, ""stop_condition"": 5, ""dropout_rate"": 0.3, ""focal_gamma"": 1.0, ""focal_alpha"": 0.25, ""epochs"": 50, ""batch_size"": 256}"
202,0.7256973520920555,10,"knn_03_question_type_fill_in_the_blank, knn_04_total_incorrect_attempts, knn_19_question_type_multiple_choice, qv_181, qv_224, qv_591, qv_598, qv_621, qv_685, qv_766","{""layer_width"": 1, ""reduction_percent"": 0.99, ""stop_condition"": 5, ""dropout_rate"": 0.3, ""focal_gamma"": 1.0, ""focal_alpha"": 0.25, ""epochs"": 50, ""batch_size"": 256}"
203,0.7256486669751372,10,"knn_15_num_blanks, knn_19_question_type_true_false, qv_112, qv_130, qv_320, qv_413, qv_572, qv_620, qv_82, user_stats_today_accuracy_rate","{""layer_width"": 5, ""reduction_percent"": 0.9, ""stop_condition"": 10, ""dropout_rate"": 0.1, ""focal_gamma"": 2.0, ""focal_alpha"": 0.35, ""epochs"": 90, ""batch_size"": 32}"
204,0.7255730356314605,10,"knn_13_total_incorrect_attempts, knn_20_question_type_fill_in_the_blank, knn_21_revision_streak, qv_324, qv_42, qv_496, qv_522, user_stats_global_accuracy, user_stats_today_so_incorrect_attempts, user_stats_total_so_correct_attempts","{""layer_width"": 1, ""reduction_percent"": 0.99, ""stop_condition"": 5, ""dropout_rate"": 0.3, ""focal_gamma"": 1.0, ""focal_alpha"": 0.25, ""epochs"": 50, ""batch_size"": 256}"
205,0.7255477012011031,10,"knn_08_total_incorrect_attempts, knn_15_num_blanks, knn_20_question_type_fill_in_the_blank, question_type_select_all_that_apply, qv_458, qv_517, qv_634, qv_677, qv_687, user_stats_total_so_attempts","{""layer_width"": 1, ""reduction_percent"": 0.99, ""stop_condition"": 5, ""dropout_rate"": 0.3, ""focal_gamma"": 1.0, ""focal_alpha"": 0.25, ""epochs"": 50, ""batch_size"": 256}"
206,0.7255143256298837,10,"knn_08_question_type_select_all_that_apply, knn_14_question_type_fill_in_the_blank, knn_14_total_attempts, knn_17_total_incorrect_attempts, knn_18_question_type_true_false, qv_146, qv_492, qv_652, qv_728, rs_16","{""layer_width"": 1, ""reduction_percent"": 0.99, ""stop_condition"": 5, ""dropout_rate"": 0.3, ""focal_gamma"": 1.0, ""focal_alpha"": 0.25, ""epochs"": 50, ""batch_size"": 256}"
207,0.7254522403290653,10,"knn_05_was_first_attempt, knn_24_num_so_options, knn_25_question_type_missing, qv_188, qv_318, qv_35, qv_364, qv_379, qv_568, qv_710","{""layer_width"": 1, ""reduction_percent"": 0.99, ""stop_condition"": 5, ""dropout_rate"": 0.3, ""focal_gamma"": 1.0, ""focal_alpha"": 0.25, ""epochs"": 50, ""batch_size"": 256}"
208,0.7252786971284817,10,"knn_02_was_first_attempt, knn_14_revision_streak, knn_21_num_so_options, knn_24_total_incorrect_attempts, knn_25_question_type_select_all_that_apply, knn_25_total_correct_attempts, qv_134, qv_318, qv_320, qv_441","{""layer_width"": 1, ""reduction_percent"": 0.99, ""stop_condition"": 5, ""dropout_rate"": 0.3, ""focal_gamma"": 1.0, ""focal_alpha"": 0.25, ""epochs"": 50, ""batch_size"": 256}"
209,0.7252086062752167,10,"knn_03_question_type_missing, knn_04_question_type_sort_order, knn_13_total_correct_attempts, knn_21_question_type_missing, knn_22_question_type_select_all_that_apply, qv_242, qv_334, qv_379, qv_451, user_stats_total_so_correct_attempts","{""layer_width"": 1, ""reduction_percent"": 0.99, ""stop_condition"": 5, ""dropout_rate"": 0.3, ""focal_gamma"": 1.0, ""focal_alpha"": 0.25, ""epochs"": 50, ""batch_size"": 256}"
210,0.7252043302367278,10,"knn_05_was_first_attempt, knn_10_num_mcq_options, knn_15_was_first_attempt, knn_21_total_incorrect_attempts, knn_23_num_mcq_options, qv_118, qv_253, qv_257, qv_399, qv_473","{""layer_width"": 1, ""reduction_percent"": 0.99, ""stop_condition"": 5, ""dropout_rate"": 0.3, ""focal_gamma"": 1.0, ""focal_alpha"": 0.25, ""epochs"": 50, ""batch_size"": 256}"
211,0.725107026849634,10,"knn_25_num_blanks, num_sata_options, qv_189, qv_247, qv_556, qv_653, qv_739, qv_754, qv_80, rs_10","{""layer_width"": 2, ""reduction_percent"": 0.9, ""stop_condition"": 5, ""dropout_rate"": 0.1, ""focal_gamma"": 1.0, ""focal_alpha"": 0.25, ""epochs"": 60, ""batch_size"": 64}"
212,0.7250694611328417,10,"knn_04_avg_react_time, knn_04_total_attempts, knn_15_days_since_first_introduced, knn_20_question_type_fill_in_the_blank, qv_159, qv_200, qv_342, qv_571, qv_625, qv_695","{""layer_width"": 1, ""reduction_percent"": 0.99, ""stop_condition"": 5, ""dropout_rate"": 0.3, ""focal_gamma"": 1.0, ""focal_alpha"": 0.25, ""epochs"": 50, ""batch_size"": 256}"
213,0.7250431709640522,10,"knn_03_num_blanks, knn_05_num_sata_options, knn_05_question_type_multiple_choice, knn_05_was_first_attempt, knn_06_accuracy_rate, qv_306, qv_334, qv_485, qv_680, qv_735","{""layer_width"": 1, ""reduction_percent"": 0.99, ""stop_condition"": 5, ""dropout_rate"": 0.3, ""focal_gamma"": 1.0, ""focal_alpha"": 0.25, ""epochs"": 50, ""batch_size"": 256}"
214,0.7250349084692977,10,"knn_16_days_since_last_revision, knn_20_num_blanks, knn_21_total_correct_attempts, qv_127, qv_143, qv_320, qv_518, qv_522, qv_529, user_stats_total_tf_incorrrect_attempts","{""layer_width"": 1, ""reduction_percent"": 0.99, ""stop_condition"": 5, ""dropout_rate"": 0.3, ""focal_gamma"": 1.0, ""focal_alpha"": 0.25, ""epochs"": 50, ""batch_size"": 256}"
215,0.7249687858900272,10,"knn_20_total_correct_attempts, qv_100, qv_157, qv_26, qv_442, qv_496, qv_529, qv_707, user_stats_global_fitb_accuracy, user_stats_total_tf_incorrrect_attempts","{""layer_width"": 1, ""reduction_percent"": 0.99, ""stop_condition"": 5, ""dropout_rate"": 0.3, ""focal_gamma"": 1.0, ""focal_alpha"": 0.25, ""epochs"": 50, ""batch_size"": 256}"
216,0.7249064280860377,10,"knn_17_days_since_first_introduced, knn_23_avg_react_time, knn_23_revision_streak, qv_500, qv_604, qv_611, qv_659, qv_666, qv_669, user_stats_total_attempts","{""layer_width"": 1, ""reduction_percent"": 0.95, ""stop_condition"": 10, ""dropout_rate"": 0.1, ""focal_gamma"": 1.0, ""focal_alpha"": 0.1, ""epochs"": 50, ""batch_size"": 32}"
217,0.7248966216124685,10,"knn_01_question_type_fill_in_the_blank, knn_04_num_blanks, knn_06_question_type_select_all_that_apply, knn_16_avg_react_time, qv_144, qv_223, qv_229, qv_490, rs_0, user_stats_today_mcq_correct_attempts","{""layer_width"": 1, ""reduction_percent"": 0.99, ""stop_condition"": 5, ""dropout_rate"": 0.3, ""focal_gamma"": 1.0, ""focal_alpha"": 0.25, ""epochs"": 50, ""batch_size"": 256}"
218,0.7248752622846479,10,"knn_08_days_since_last_revision, knn_11_days_since_first_introduced, knn_12_question_type_missing, knn_21_total_attempts, qv_118, qv_229, qv_33, qv_607, qv_684, rs_6","{""layer_width"": 1, ""reduction_percent"": 0.99, ""stop_condition"": 5, ""dropout_rate"": 0.3, ""focal_gamma"": 1.0, ""focal_alpha"": 0.25, ""epochs"": 50, ""batch_size"": 256}"
219,0.7247043140829371,10,"knn_09_question_type_true_false, knn_24_total_incorrect_attempts, qv_138, qv_216, qv_249, qv_318, qv_374, qv_511, qv_534, qv_603","{""layer_width"": 1, ""reduction_percent"": 0.99, ""stop_condition"": 5, ""dropout_rate"": 0.3, ""focal_gamma"": 1.0, ""focal_alpha"": 0.25, ""epochs"": 50, ""batch_size"": 256}"
220,0.7246101132713991,10,"knn_15_days_since_last_revision, knn_20_question_type_fill_in_the_blank, qv_209, qv_290, qv_371, qv_464, qv_564, qv_6, qv_693, rs_13","{""layer_width"": 1, ""reduction_percent"": 0.99, ""stop_condition"": 5, ""dropout_rate"": 0.3, ""focal_gamma"": 1.0, ""focal_alpha"": 0.25, ""epochs"": 50, ""batch_size"": 256}"
221,0.7246043846952274,10,"knn_01_accuracy_rate, knn_04_accuracy_rate, knn_05_num_blanks, knn_13_question_type_true_false, knn_25_num_so_options, qv_392, qv_485, qv_586, qv_670, rs_7","{""layer_width"": 1, ""reduction_percent"": 0.99, ""stop_condition"": 5, ""dropout_rate"": 0.3, ""focal_gamma"": 1.0, ""focal_alpha"": 0.25, ""epochs"": 50, ""batch_size"": 256}"
222,0.7245985680133672,10,"knn_01_question_type_fill_in_the_blank, knn_05_num_blanks, knn_15_question_type_multiple_choice, knn_24_avg_react_time, qv_177, qv_31, qv_346, qv_562, qv_712, user_stats_today_fitb_accuracy_rate","{""layer_width"": 1, ""reduction_percent"": 0.99, ""stop_condition"": 5, ""dropout_rate"": 0.3, ""focal_gamma"": 1.0, ""focal_alpha"": 0.25, ""epochs"": 50, ""batch_size"": 256}"
223,0.7245633778236329,10,"knn_03_days_since_first_introduced, knn_05_num_blanks, knn_06_question_type_true_false, qv_222, qv_396, qv_431, qv_438, qv_54, qv_554, qv_612","{""layer_width"": 1, ""reduction_percent"": 0.99, ""stop_condition"": 5, ""dropout_rate"": 0.3, ""focal_gamma"": 1.0, ""focal_alpha"": 0.25, ""epochs"": 50, ""batch_size"": 256}"
224,0.7245067733310843,10,"knn_01_total_attempts, knn_03_num_mcq_options, knn_17_question_type_multiple_choice, knn_20_question_type_missing, knn_22_question_type_fill_in_the_blank, knn_25_accuracy_rate, qv_1, qv_246, qv_439, user_stats_max_correct_streak_achieved","{""layer_width"": 1, ""reduction_percent"": 0.99, ""stop_condition"": 5, ""dropout_rate"": 0.3, ""focal_gamma"": 1.0, ""focal_alpha"": 0.25, ""epochs"": 50, ""batch_size"": 256}"
225,0.7245018753993167,10,"knn_13_accuracy_rate, knn_18_total_correct_attempts, knn_23_total_incorrect_attempts, qv_160, qv_503, qv_583, qv_635, qv_640, qv_744, user_stats_today_fitb_accuracy_rate","{""layer_width"": 1, ""reduction_percent"": 0.99, ""stop_condition"": 5, ""dropout_rate"": 0.3, ""focal_gamma"": 1.0, ""focal_alpha"": 0.25, ""epochs"": 50, ""batch_size"": 256}"
226,0.7245003693163251,10,"knn_01_revision_streak, knn_04_num_blanks, knn_11_was_first_attempt, knn_20_num_sata_options, qv_215, qv_296, qv_359, qv_593, qv_685, qv_750","{""layer_width"": 1, ""reduction_percent"": 0.99, ""stop_condition"": 5, ""dropout_rate"": 0.3, ""focal_gamma"": 1.0, ""focal_alpha"": 0.25, ""epochs"": 50, ""batch_size"": 256}"
227,0.724446484167908,10,"knn_02_question_type_true_false, knn_13_distance, qv_104, qv_233, qv_246, qv_345, qv_442, qv_470, qv_688, user_stats_max_correct_streak_achieved","{""layer_width"": 1, ""reduction_percent"": 0.99, ""stop_condition"": 5, ""dropout_rate"": 0.3, ""focal_gamma"": 1.0, ""focal_alpha"": 0.25, ""epochs"": 50, ""batch_size"": 256}"
228,0.7243640990081235,10,"knn_03_revision_streak, knn_04_total_attempts, knn_11_days_since_first_introduced, qv_101, qv_209, qv_229, qv_472, qv_638, qv_656, qv_99","{""layer_width"": 1, ""reduction_percent"": 0.99, ""stop_condition"": 5, ""dropout_rate"": 0.3, ""focal_gamma"": 1.0, ""focal_alpha"": 0.25, ""epochs"": 50, ""batch_size"": 256, ""learning_rate"": 0.1, ""optimizer"": ""nadam"", ""activation"": ""relu"", ""batch_norm"": false, ""l2_regularization"": 0.0}"
229,0.7243585189421734,10,"knn_10_question_type_multiple_choice, knn_14_num_blanks, knn_16_num_mcq_options, knn_25_days_since_first_introduced, qv_148, qv_170, qv_342, qv_363, qv_484, user_stats_total_tf_correct_attempts","{""layer_width"": 1, ""reduction_percent"": 0.99, ""stop_condition"": 5, ""dropout_rate"": 0.3, ""focal_gamma"": 1.0, ""focal_alpha"": 0.25, ""epochs"": 50, ""batch_size"": 256}"
230,0.724296828341114,10,"knn_04_num_so_options, knn_05_days_since_first_introduced, knn_07_was_first_attempt, knn_20_question_type_multiple_choice, knn_22_total_correct_attempts, num_blanks, qv_401, qv_456, qv_706, qv_725","{""layer_width"": 1, ""reduction_percent"": 0.99, ""stop_condition"": 5, ""dropout_rate"": 0.3, ""focal_gamma"": 1.0, ""focal_alpha"": 0.25, ""epochs"": 50, ""batch_size"": 256, ""learning_rate"": 0.1, ""optimizer"": ""nadam"", ""activation"": ""relu"", ""batch_norm"": false, ""l2_regularization"": 0.0}"
231,0.7242213896665458,10,"knn_03_question_type_sort_order, knn_13_num_blanks, knn_15_question_type_multiple_choice, knn_25_accuracy_rate, qv_342, qv_377, qv_508, qv_521, qv_669, qv_754","{""layer_width"": 1, ""reduction_percent"": 0.99, ""stop_condition"": 5, ""dropout_rate"": 0.3, ""focal_gamma"": 1.0, ""focal_alpha"": 0.25, ""epochs"": 50, ""batch_size"": 256}"
232,0.7241770078530828,10,"knn_02_accuracy_rate, knn_13_total_attempts, qv_18, qv_391, qv_648, qv_765, qv_80, user_stats_days_left_until_questions_exhaust, user_stats_today_sata_correct_attempts, user_stats_total_tf_incorrrect_attempts","{""layer_width"": 1, ""reduction_percent"": 0.99, ""stop_condition"": 5, ""dropout_rate"": 0.3, ""focal_gamma"": 1.0, ""focal_alpha"": 0.25, ""epochs"": 50, ""batch_size"": 256}"
233,0.7241392214671284,10,"knn_21_question_type_multiple_choice, knn_25_accuracy_rate, qv_112, qv_289, qv_508, qv_520, qv_59, qv_642, qv_649, qv_80","{""layer_width"": 1, ""reduction_percent"": 0.99, ""stop_condition"": 5, ""dropout_rate"": 0.3, ""focal_gamma"": 1.0, ""focal_alpha"": 0.25, ""epochs"": 50, ""batch_size"": 256}"
234,0.7240580082751025,10,"qv_130, qv_177, qv_238, qv_28, qv_442, qv_530, qv_555, qv_602, user_stats_avg_reaction_time, user_stats_today_fitb_total_attempts","{""layer_width"": 1, ""reduction_percent"": 0.99, ""stop_condition"": 5, ""dropout_rate"": 0.3, ""focal_gamma"": 1.0, ""focal_alpha"": 0.25, ""epochs"": 50, ""batch_size"": 256}"
235,0.7239584278107792,10,"knn_06_question_type_sort_order, knn_13_was_first_attempt, knn_18_accuracy_rate, qv_118, qv_204, qv_205, qv_382, qv_459, qv_501, qv_573","{""layer_width"": 1, ""reduction_percent"": 0.99, ""stop_condition"": 5, ""dropout_rate"": 0.3, ""focal_gamma"": 1.0, ""focal_alpha"": 0.25, ""epochs"": 50, ""batch_size"": 256}"
236,0.7238094186153635,10,"knn_12_distance, knn_17_question_type_multiple_choice, qv_106, qv_128, qv_142, qv_279, qv_318, qv_433, qv_87, user_stats_total_mcq_incorrrect_attempts","{""layer_width"": 1, ""reduction_percent"": 0.99, ""stop_condition"": 5, ""dropout_rate"": 0.3, ""focal_gamma"": 1.0, ""focal_alpha"": 0.25, ""epochs"": 50, ""batch_size"": 256}"
237,0.7237260580669354,10,"knn_04_total_incorrect_attempts, knn_08_avg_react_time, knn_17_total_attempts, knn_19_question_type_select_all_that_apply, qv_264, qv_406, qv_445, qv_710, qv_756, user_stats_global_tf_accuracy","{""layer_width"": 1, ""reduction_percent"": 0.99, ""stop_condition"": 5, ""dropout_rate"": 0.3, ""focal_gamma"": 1.0, ""focal_alpha"": 0.25, ""epochs"": 50, ""batch_size"": 256}"
238,0.7236853454319563,10,"knn_11_days_since_first_introduced, knn_11_was_first_attempt, knn_18_total_attempts, knn_22_num_mcq_options, knn_25_accuracy_rate, qv_164, qv_193, qv_448, qv_698, qv_705","{""layer_width"": 1, ""reduction_percent"": 0.99, ""stop_condition"": 5, ""dropout_rate"": 0.3, ""focal_gamma"": 1.0, ""focal_alpha"": 0.25, ""epochs"": 50, ""batch_size"": 256}"
239,0.7236669158701604,10,"knn_05_revision_streak, knn_07_question_type_fill_in_the_blank, knn_19_question_type_select_all_that_apply, knn_23_num_so_options, knn_25_num_mcq_options, qv_175, qv_342, qv_372, qv_442, rs_4","{""layer_width"": 1, ""reduction_percent"": 0.99, ""stop_condition"": 5, ""dropout_rate"": 0.3, ""focal_gamma"": 1.0, ""focal_alpha"": 0.25, ""epochs"": 50, ""batch_size"": 256}"
240,0.7235859011450014,10,"knn_01_question_type_missing, knn_14_question_type_multiple_choice, knn_20_question_type_fill_in_the_blank, knn_22_num_blanks, qv_101, qv_203, qv_593, qv_748, user_stats_consecutive_correct_streak, user_stats_today_so_incorrect_attempts","{""layer_width"": 1, ""reduction_percent"": 0.99, ""stop_condition"": 5, ""dropout_rate"": 0.3, ""focal_gamma"": 1.0, ""focal_alpha"": 0.25, ""epochs"": 50, ""batch_size"": 256}"
241,0.723450117014069,10,"knn_01_avg_react_time, knn_03_days_since_last_revision, knn_06_num_mcq_options, knn_08_accuracy_rate, knn_09_total_attempts, knn_13_question_type_true_false, knn_19_days_since_last_revision, knn_25_accuracy_rate, qv_12, user_stats_total_sata_correct_attempts","{""layer_width"": 1, ""reduction_percent"": 0.99, ""stop_condition"": 5, ""dropout_rate"": 0.3, ""focal_gamma"": 1.0, ""focal_alpha"": 0.25, ""epochs"": 50, ""batch_size"": 256}"
242,0.7233613824783933,10,"knn_04_days_since_last_revision, knn_04_num_so_options, knn_04_total_correct_attempts, knn_20_question_type_sort_order, knn_25_num_blanks, qv_341, qv_511, qv_55, qv_58, qv_614","{""layer_width"": 1, ""reduction_percent"": 0.99, ""stop_condition"": 5, ""dropout_rate"": 0.3, ""focal_gamma"": 1.0, ""focal_alpha"": 0.25, ""epochs"": 50, ""batch_size"": 256, ""learning_rate"": 0.1, ""optimizer"": ""nadam"", ""activation"": ""relu"", ""batch_norm"": false, ""l2_regularization"": 0.0}"
243,0.7233447735598972,10,"knn_14_num_blanks, knn_17_question_type_missing, knn_24_distance, qv_15, qv_258, qv_302, qv_49, qv_495, qv_504, rs_4","{""layer_width"": 1, ""reduction_percent"": 0.99, ""stop_condition"": 5, ""dropout_rate"": 0.3, ""focal_gamma"": 1.0, ""focal_alpha"": 0.25, ""epochs"": 50, ""batch_size"": 256}"
244,0.7231632615258152,10,"knn_04_days_since_last_revision, knn_04_question_type_missing, knn_04_total_incorrect_attempts, knn_09_avg_react_time, knn_20_avg_react_time, knn_22_question_type_multiple_choice, qv_221, qv_57, qv_726, qv_755","{""layer_width"": 1, ""reduction_percent"": 0.99, ""stop_condition"": 5, ""dropout_rate"": 0.3, ""focal_gamma"": 1.0, ""focal_alpha"": 0.25, ""epochs"": 50, ""batch_size"": 256}"
245,0.7231593766935418,10,"knn_14_num_blanks, knn_17_total_incorrect_attempts, knn_20_days_since_last_revision, qv_139, qv_147, qv_153, qv_505, qv_561, qv_760, user_stats_total_sata_correct_attempts","{""layer_width"": 1, ""reduction_percent"": 0.99, ""stop_condition"": 5, ""dropout_rate"": 0.3, ""focal_gamma"": 1.0, ""focal_alpha"": 0.25, ""epochs"": 50, ""batch_size"": 256}"
246,0.7231323189104316,10,"knn_01_num_mcq_options, knn_05_question_type_fill_in_the_blank, knn_15_question_type_sort_order, knn_20_question_type_multiple_choice, qv_163, qv_525, qv_653, rs_7, total_incorrect_attempts, user_stats_today_fitb_incorrect_attempts","{""layer_width"": 1, ""reduction_percent"": 0.95, ""stop_condition"": 10, ""dropout_rate"": 0.1, ""focal_gamma"": 1.0, ""focal_alpha"": 0.1, ""epochs"": 50, ""batch_size"": 32}"
247,0.7230780459956967,10,"knn_04_avg_react_time, knn_04_num_blanks, knn_06_avg_react_time, qv_108, qv_290, qv_317, qv_348, qv_544, qv_569, qv_578","{""layer_width"": 1, ""reduction_percent"": 0.99, ""stop_condition"": 5, ""dropout_rate"": 0.3, ""focal_gamma"": 1.0, ""focal_alpha"": 0.25, ""epochs"": 50, ""batch_size"": 256}"
248,0.7230703712422644,10,"knn_08_question_type_select_all_that_apply, knn_16_was_first_attempt, qv_206, qv_264, qv_396, qv_414, qv_455, qv_675, qv_714, rs_13","{""layer_width"": 1, ""reduction_percent"": 0.99, ""stop_condition"": 5, ""dropout_rate"": 0.3, ""focal_gamma"": 1.0, ""focal_alpha"": 0.25, ""epochs"": 50, ""batch_size"": 256}"
249,0.7230613420528121,10,"knn_03_num_sata_options, knn_04_days_since_last_revision, knn_06_total_incorrect_attempts, knn_08_num_blanks, knn_08_question_type_select_all_that_apply, knn_14_total_incorrect_attempts, qv_301, qv_344, qv_375, user_stats_max_correct_streak_achieved","{""layer_width"": 1, ""reduction_percent"": 0.99, ""stop_condition"": 5, ""dropout_rate"": 0.3, ""focal_gamma"": 1.0, ""focal_alpha"": 0.25, ""epochs"": 50, ""batch_size"": 256}"
250,0.7230554017624438,10,"knn_02_question_type_missing, knn_08_question_type_fill_in_the_blank, knn_10_num_so_options, knn_10_question_type_select_all_that_apply, knn_11_was_first_attempt, knn_14_avg_react_time, knn_25_question_type_multiple_choice, qv_130, qv_15, qv_760","{""layer_width"": 1, ""reduction_percent"": 0.95, ""stop_condition"": 10, ""dropout_rate"": 0.3, ""focal_gamma"": 1.0, ""focal_alpha"": 0.25, ""epochs"": 30, ""batch_size"": 128}"
